A044102,add x_0_1 sqr 6,(x_0_1 add (6)**2),"0, 36, 72, 108, 144, 180, 216, 252, 288, 324, 360, 396, 432, 468, 504, 540, 576, 612, 648, 684, 720, 756, 792, 828, 864, 900, 936, 972, 1008, 1044, 1080, 1116, 1152, 1188, 1224, 1260, 1296, 1332, 1368, 1404, 1440, 1476, 1512, 1548, 1584, 1620, 1656, 1692"
A067251,add n idiv sub n 1 9,(n add ((n sub 1) idiv 9)),"1, 2, 3, 4, 5, 6, 7, 8, 9, 11, 12, 13, 14, 15, 16, 17, 18, 19, 21, 22, 23, 24, 25, 26, 27, 28, 29, 31, 32, 33, 34, 35, 36, 37, 38, 39, 41, 42, 43, 44, 45, 46, 47, 48, 49, 51, 52, 53, 54, 55, 56, 57, 58, 59, 61, 62, 63, 64, 65, 66, 67, 68, 69, 71, 72, 73, 74, 75, 76, 77, 78, 79, 81, 82, 83, 84, 85, 86, 87, 88, 89, 91, 92, 93, 94, 95, 96, 97, 98, 99, 101, 102, 103, 104"
A059995,idiv mul sqr 6 n 361,(((6)**2 mul n) idiv 361),"0, 0, 0, 0, 0, 0, 0, 0, 0, 0, 1, 1, 1, 1, 1, 1, 1, 1, 1, 1, 2, 2, 2, 2, 2, 2, 2, 2, 2, 2, 3, 3, 3, 3, 3, 3, 3, 3, 3, 3, 4, 4, 4, 4, 4, 4, 4, 4, 4, 4, 5, 5, 5, 5, 5, 5, 5, 5, 5, 5, 6, 6, 6, 6, 6, 6, 6, 6, 6, 6, 7, 7, 7, 7, 7, 7, 7, 7, 7, 7, 8, 8, 8, 8, 8, 8, 8, 8, 8, 8, 9, 9, 9, 9, 9, 9, 9, 9, 9, 9, 10, 10, 10"
A032964,add n relu sub n add 9 5,(n add relu((n sub (9 add 5)))),"1, 2, 3, 4, 5, 6, 7, 8, 9, 10, 11, 12, 13, 14, 16, 18, 20, 22, 24, 26, 28, 30, 32, 34, 36, 38, 40, 42, 44, 46, 48, 50, 52, 54, 56, 58, 60, 62, 64, 66, 68, 70, 72, 74, 76, 78, 80, 82, 84, 86, 88, 90, 92, 94, 96, 98, 100, 102, 104, 106, 108, 110"
A033065,add n relu sub n add 9 4,(n add relu((n sub (9 add 4)))),"1, 2, 3, 4, 5, 6, 7, 8, 9, 10, 11, 12, 13, 15, 17, 19, 21, 23, 25, 27, 29, 31, 33, 35, 37, 39, 41, 43, 45, 47, 49, 51, 53, 55, 57, 59, 61, 63, 65, 67, 69, 71, 73, 75, 77, 79, 81, 83, 85, 87, 89, 91, 93, 95, 97, 99, 101, 103, 105, 107, 109, 111"
A032966,add n relu sub n sqr 4,(n add relu((n sub (4)**2))),"1, 2, 3, 4, 5, 6, 7, 8, 9, 10, 11, 12, 13, 14, 15, 16, 18, 20, 22, 24, 26, 28, 30, 32, 34, 36, 38, 40, 42, 44, 46, 48, 50, 52, 54, 56, 58, 60, 62, 64, 66, 68, 70, 72, 74, 76, 78, 80, 82, 84, 86, 88, 90, 92, 94, 96, 98, 100, 102, 104, 106, 108"
A044812,add 100 x_0_1,(100 add x_0_1),"99, 199, 299, 399, 499, 599, 699, 799, 899, 999, 1099, 1199, 1299, 1399, 1499, 1599, 1699, 1799, 1899, 1999, 2099, 2199, 2299, 2399, 2499, 2599, 2699, 2799, 2899, 2999, 3099, 3199, 3299, 3399, 3499, 3599, 3699, 3799, 3899"
A003893,mod add x_0_2 x_0_1 INT+ 1 0,((x_0_2 add x_0_1) mod 10),"0, 1, 1, 2, 3, 5, 8, 3, 1, 4, 5, 9, 4, 3, 7, 0, 7, 7, 4, 1, 5, 6, 1, 7, 8, 5, 3, 8, 1, 9, 0, 9, 9, 8, 7, 5, 2, 7, 9, 6, 5, 1, 6, 7, 3, 0, 3, 3, 6, 9, 5, 4, 9, 3, 2, 5, 7, 2, 9, 1, 0, 1, 1, 2, 3, 5, 8, 3, 1, 4, 5, 9, 4, 3, 7, 0, 7, 7, 4, 1, 5, 6, 1, 7, 8, 5, 3, 8, 1, 9, 0, 9, 9, 8, 7, 5, 2, 7, 9, 6, 5, 1, 6, 7, 3"
A044187,mul 64 n,(64 mul n),"64, 128, 192, 256, 320, 384, 448, 512, 576, 640, 704, 768, 832, 896, 960, 1024, 1088, 1152, 1216, 1280, 1344, 1408, 1472, 1536, 1600, 1664, 1728, 1792, 1856, 1920, 1984, 2048, 2112, 2176, 2240, 2304, 2368, 2432, 2496, 2560"
A010879,mod sub n 1 INT+ 1 0,((n sub 1) mod 10),"0, 1, 2, 3, 4, 5, 6, 7, 8, 9, 0, 1, 2, 3, 4, 5, 6, 7, 8, 9, 0, 1, 2, 3, 4, 5, 6, 7, 8, 9, 0, 1, 2, 3, 4, 5, 6, 7, 8, 9, 0, 1, 2, 3, 4, 5, 6, 7, 8, 9, 0, 1, 2, 3, 4, 5, 6, 7, 8, 9, 0, 1, 2, 3, 4, 5, 6, 7, 8, 9, 0, 1, 2, 3, 4, 5, 6, 7, 8, 9, 0"
A031193,mul n 3,(n mul 3),"3, 6, 9, 12, 15, 18, 21, 24, 27, 30, 33, 36, 39, 42, 45, 48, 51, 54, 57, 60, 63, 66, 69, 72, 75, 78, 81, 84, 87, 90, 93, 96, 99, 102, 105, 108, 111, 114, 117, 120, 123, 126, 129, 132, 135, 138, 141, 144, 147, 150, 153, 156, 159, 162, 165, 168, 171, 174"
A007612,add mod x_0_1 9 x_0_1,((x_0_1 mod 9) add x_0_1),"1, 2, 4, 8, 16, 23, 28, 29, 31, 35, 43, 50, 55, 56, 58, 62, 70, 77, 82, 83, 85, 89, 97, 104, 109, 110, 112, 116, 124, 131, 136, 137, 139, 143, 151, 158, 163, 164, 166, 170, 178, 185, 190, 191, 193, 197, 205, 212, 217, 218, 220, 224, 232, 239, 244, 245, 247, 251"
A064806,add n add 9 mod n INT- 9,(n add (9 add (n mod -9))),"2, 4, 6, 8, 10, 12, 14, 16, 18, 11, 13, 15, 17, 19, 21, 23, 25, 27, 20, 22, 24, 26, 28, 30, 32, 34, 36, 29, 31, 33, 35, 37, 39, 41, 43, 45, 38, 40, 42, 44, 46, 48, 50, 52, 54, 47, 49, 51, 53, 55, 57, 59, 61, 63, 56, 58, 60, 62, 64, 66, 68, 70, 72, 65, 67, 69, 71"
A033063,add n relu sub n add 9 2,(n add relu((n sub (9 add 2)))),"1, 2, 3, 4, 5, 6, 7, 8, 9, 10, 11, 13, 15, 17, 19, 21, 23, 25, 27, 29, 31, 33, 35, 37, 39, 41, 43, 45, 47, 49, 51, 53, 55, 57, 59, 61, 63, 65, 67, 69, 71, 73, 75, 77, 79, 81, 83, 85, 87, 89, 91, 93, 95, 97, 99, 101, 103, 105, 107, 109, 111"
A016084,add mod x_0_1 9 x_0_1,((x_0_1 mod 9) add x_0_1),"5, 10, 11, 13, 17, 25, 32, 37, 38, 40, 44, 52, 59, 64, 65, 67, 71, 79, 86, 91, 92, 94, 98, 106, 113, 118, 119, 121, 125, 133, 140, 145, 146, 148, 152, 160, 167, 172, 173, 175, 179, 187, 194, 199, 200, 202, 206, 214, 221, 226, 227, 229, 233, 241, 248"
A043289,add 1 relu sub x_0_2 mod n sqr 4,(1 add relu((x_0_2 sub (n mod (4)**2)))),"1, 1, 1, 1, 1, 1, 1, 1, 1, 1, 1, 1, 1, 1, 1, 2, 1, 1, 1, 1, 1, 1, 1, 1, 1, 1, 1, 1, 1, 1, 1, 2, 1, 1, 1, 1, 1, 1, 1, 1, 1, 1, 1, 1, 1, 1, 1, 2, 1, 1, 1, 1, 1, 1, 1, 1, 1, 1, 1, 1, 1, 1, 1, 2, 1, 1, 1, 1, 1, 1, 1, 1, 1, 1, 1, 1, 1, 1, 1, 2, 1, 1, 1, 1, 1, 1, 1, 1, 1, 1"
A032962,add n relu sub n add 9 3,(n add relu((n sub (9 add 3)))),"1, 2, 3, 4, 5, 6, 7, 8, 9, 10, 11, 12, 14, 16, 18, 20, 22, 24, 26, 28, 30, 32, 34, 36, 38, 40, 42, 44, 46, 48, 50, 52, 54, 56, 58, 60, 62, 64, 66, 68, 70, 72, 74, 76, 78, 80, 82, 84, 86, 88, 90, 92, 94, 96, 98, 100, 102, 104, 106, 108, 110"
A058183,add n relu sub n 9,(n add relu((n sub 9))),"1, 2, 3, 4, 5, 6, 7, 8, 9, 11, 13, 15, 17, 19, 21, 23, 25, 27, 29, 31, 33, 35, 37, 39, 41, 43, 45, 47, 49, 51, 53, 55, 57, 59, 61, 63, 65, 67, 69, 71, 73, 75, 77, 79, 81, 83, 85, 87, 89, 91, 93, 95, 97, 99, 101, 103, 105, 107, 109, 111, 113, 115, 117, 119, 121, 123, 125"
A014393,mod mul x_0_1 9 100,((x_0_1 mul 9) mod 100),"1, 9, 81, 29, 61, 49, 41, 69, 21, 89, 1, 9, 81, 29, 61, 49, 41, 69, 21, 89, 1, 9, 81, 29, 61, 49, 41, 69, 21, 89, 1, 9, 81, 29, 61, 49, 41, 69, 21, 89, 1, 9, 81, 29, 61, 49, 41, 69, 21, 89, 1, 9, 81, 29, 61, 49, 41, 69, 21, 89"
A023976,relu sign sub n 39,relu(sign((n sub 39))),"0, 0, 0, 0, 0, 0, 0, 0, 0, 0, 0, 0, 0, 0, 0, 0, 0, 0, 0, 0, 0, 0, 0, 0, 0, 0, 0, 0, 0, 0, 0, 0, 0, 0, 0, 0, 0, 0, 1, 1, 1, 1, 1, 1, 1, 1, 1, 1, 1, 1, 1, 1, 1, 1, 1, 1, 1, 1, 1, 1, 1, 1, 1, 1, 1, 1, 1, 1, 1, 1, 1, 1, 1, 1, 1, 1, 1, 1, 1, 1, 1, 1, 1, 1, 1, 1, 1, 1, 1, 1, 1, 1, 1, 1, 1, 1, 1, 1, 1, 1, 1, 1"
A067865,add 100 x_0_1,(100 add x_0_1),"36, 136, 236, 336, 436, 536, 636, 736, 836, 936, 1036, 1136, 1236, 1336, 1436, 1536, 1636, 1736, 1836, 1936, 2036, 2136, 2236, 2336, 2436, 2536, 2636, 2736, 2836, 2936, 3036, 3136, 3236, 3336, 3436, 3536, 3636, 3736, 3836, 3936, 4036, 4136, 4236, 4336"
A054965,idiv mul INT+ 8 73 n 73,((153 mul n) idiv 73),"2, 4, 6, 8, 10, 12, 14, 16, 18, 20, 23, 25, 27, 29, 31, 33, 35, 37, 39, 41, 44, 46, 48, 50, 52, 54, 56, 58, 60, 62, 64, 67, 69, 71, 73, 75, 77, 79, 81, 83, 85, 88, 90, 92, 94, 96, 98, 100, 102, 104, 106, 108, 111, 113, 115, 117, 119, 121, 123, 125, 127, 129, 132, 134, 136"
A023975,idiv add 64 n INT+ 1 80,((64 add n) idiv 90),"0, 0, 0, 0, 0, 0, 0, 0, 0, 0, 0, 0, 0, 0, 0, 0, 0, 0, 0, 0, 0, 0, 0, 0, 0, 1, 1, 1, 1, 1, 1, 1, 1, 1, 1, 1, 1, 1, 1, 1, 1, 1, 1, 1, 1, 1, 1, 1, 1, 1, 1, 1, 1, 1, 1, 1, 1, 1, 1, 1, 1, 1, 1, 1, 1, 1, 1, 1, 1, 1, 1, 1, 1, 1, 1, 1, 1, 1, 1, 1, 1, 1, 1, 1, 1, 1, 1, 1, 1, 1, 1, 1, 1, 1, 1, 1, 1, 1, 1, 1, 1, 1"
A044251,mul 81 n,(81 mul n),"81, 162, 243, 324, 405, 486, 567, 648, 729, 810, 891, 972, 1053, 1134, 1215, 1296, 1377, 1458, 1539, 1620, 1701, 1782, 1863, 1944, 2025, 2106, 2187, 2268, 2349, 2430, 2511, 2592, 2673, 2754, 2835, 2916, 2997, 3078, 3159"
A044941,relu sign mod n add INT- 6 INT- 5,relu(sign((n mod (-6 add -5)))),"0, 0, 0, 0, 0, 0, 0, 0, 0, 0, 1, 0, 0, 0, 0, 0, 0, 0, 0, 0, 0, 1, 0, 0, 0, 0, 0, 0, 0, 0, 0, 0, 1, 0, 0, 0, 0, 0, 0, 0, 0, 0, 0, 1, 0, 0, 0, 0, 0, 0, 0, 0, 0, 0, 1, 0, 0, 0, 0, 0, 0, 0, 0, 0, 0, 1, 0, 0, 0, 0, 0, 0, 0, 0, 0, 0, 1, 0, 0, 0, 0, 0, 0, 0, 0, 0, 0, 1, 0, 0"
A000689,mul x_0_4 sign x_0_5,(x_0_4 mul sign(x_0_5)),"1, 2, 4, 8, 6, 2, 4, 8, 6, 2, 4, 8, 6, 2, 4, 8, 6, 2, 4, 8, 6, 2, 4, 8, 6, 2, 4, 8, 6, 2, 4, 8, 6, 2, 4, 8, 6, 2, 4, 8, 6, 2, 4, 8, 6, 2, 4, 8, 6, 2, 4, 8, 6, 2, 4, 8, 6, 2, 4, 8, 6, 2, 4, 8, 6, 2, 4, 8, 6, 2, 4, 8, 6, 2, 4, 8, 6, 2, 4, 8, 6"
A082204,mul x_0_3 sign x_0_4,(x_0_3 mul sign(x_0_4)),"1, 2, 2, 3, 2, 2, 3, 2, 2, 3, 2, 2, 3, 2, 2, 3, 2, 2, 3, 2, 2, 3, 2, 2, 3, 2, 2, 3, 2, 2, 3, 2, 2, 3, 2, 2, 3, 2, 2, 3, 2, 2, 3, 2, 2, 3, 2, 2, 3, 2, 2, 3, 2, 2, 3, 2, 2, 3, 2, 2, 3, 2, 2, 3, 2, 2, 3, 2, 2, 3, 2, 2, 3, 2, 2, 3, 2, 2, 3, 2, 2, 3, 2, 2, 3, 2, 2, 3, 2, 2, 3, 2, 2, 3, 2, 2, 3, 2, 2, 3, 2, 2, 3, 2, 2"
A080079,sub n mod sub 1 x_0_1 n,(n sub ((1 sub x_0_1) mod n)),"1, 2, 1, 4, 3, 2, 1, 8, 7, 6, 5, 4, 3, 2, 1, 16, 15, 14, 13, 12, 11, 10, 9, 8, 7, 6, 5, 4, 3, 2, 1, 32, 31, 30, 29, 28, 27, 26, 25, 24, 23, 22, 21, 20, 19, 18, 17, 16, 15, 14, 13, 12, 11, 10, 9, 8, 7, 6, 5, 4, 3, 2, 1, 64, 63, 62, 61, 60, 59, 58, 57, 56, 55, 54, 53, 52, 51, 50, 49, 48, 47"
A044138,mul n 49,(n mul 49),"49, 98, 147, 196, 245, 294, 343, 392, 441, 490, 539, 588, 637, 686, 735, 784, 833, 882, 931, 980, 1029, 1078, 1127, 1176, 1225, 1274, 1323, 1372, 1421, 1470, 1519, 1568, 1617, 1666, 1715, 1764, 1813, 1862, 1911, 1960, 2009, 2058, 2107, 2156, 2205, 2254, 2303"
A010888,add 1 mod x_0_1 9,(1 add (x_0_1 mod 9)),"0, 1, 2, 3, 4, 5, 6, 7, 8, 9, 1, 2, 3, 4, 5, 6, 7, 8, 9, 1, 2, 3, 4, 5, 6, 7, 8, 9, 1, 2, 3, 4, 5, 6, 7, 8, 9, 1, 2, 3, 4, 5, 6, 7, 8, 9, 1, 2, 3, 4, 5, 6, 7, 8, 9, 1, 2, 3, 4, 5, 6, 7, 8, 9, 1, 2, 3, 4, 5, 6, 7, 8, 9, 1, 2, 3, 4, 5, 6, 7, 8, 9, 1, 2, 3, 4, 5, 6, 7, 8, 9, 1, 2, 3, 4, 5, 6, 7, 8, 9, 1, 2, 3, 4, 5"
A014392,mod mul x_0_1 8 100,((x_0_1 mul 8) mod 100),"1, 8, 64, 12, 96, 68, 44, 52, 16, 28, 24, 92, 36, 88, 4, 32, 56, 48, 84, 72, 76, 8, 64, 12, 96, 68, 44, 52, 16, 28, 24, 92, 36, 88, 4, 32, 56, 48, 84, 72, 76, 8, 64, 12, 96, 68, 44, 52, 16, 28, 24, 92, 36, 88, 4, 32, 56"
A000855,mod add x_0_1 x_0_1 100,((x_0_1 add x_0_1) mod 100),"1, 2, 4, 8, 16, 32, 64, 28, 56, 12, 24, 48, 96, 92, 84, 68, 36, 72, 44, 88, 76, 52, 4, 8, 16, 32, 64, 28, 56, 12, 24, 48, 96, 92, 84, 68, 36, 72, 44, 88, 76, 52, 4, 8, 16, 32, 64, 28, 56, 12, 24, 48, 96, 92, 84, 68, 36, 72, 44, 88, 76, 52, 4, 8, 16, 32, 64, 28"
A032973,add n mul 3 idiv mod INT- 2 n 8,(n add (3 mul ((-2 mod n) idiv 8))),"1, 2, 3, 4, 5, 6, 7, 8, 9, 13, 14, 15, 16, 17, 18, 19, 20, 24, 25, 26, 27, 28, 29, 30, 31, 35, 36, 37, 38, 39, 40, 41, 42, 46, 47, 48, 49, 50, 51, 52, 53, 57, 58, 59, 60, 61, 62, 63, 64, 68, 69, 70, 71, 72, 73, 74, 75, 79, 80, 81, 82, 83, 84"
A033067,add n relu sub n mul 5 3,(n add relu((n sub (5 mul 3)))),"1, 2, 3, 4, 5, 6, 7, 8, 9, 10, 11, 12, 13, 14, 15, 17, 19, 21, 23, 25, 27, 29, 31, 33, 35, 37, 39, 41, 43, 45, 47, 49, 51, 53, 55, 57, 59, 61, 63, 65, 67, 69, 71, 73, 75, 77, 79, 81, 83, 85, 87, 89, 91, 93, 95, 97, 99, 101, 103, 105, 107, 109"
A080464,mod sub x_0_1 idiv n INT- 1 0 n,((x_0_1 sub (n idiv -10)) mod n),"0, 1, 2, 3, 4, 5, 6, 7, 8, 9, 0, 2, 4, 6, 8, 10, 12, 14, 16, 18, 0, 3, 6, 9, 12, 15, 18, 21, 24, 27, 0, 4, 8, 12, 16, 20, 24, 28, 32, 36, 0, 5, 10, 15, 20, 25, 30, 35, 40, 45, 0, 6, 12, 18, 24, 30, 36, 42, 48, 54, 0, 7, 14, 21, 28, 35, 42, 49, 56, 63, 0, 8, 16, 24, 32, 40, 48, 56, 64, 72, 0"
A034887,idiv add mul n 3 7 add 9 1,(((n mul 3) add 7) idiv (9 add 1)),"1, 1, 1, 1, 2, 2, 2, 3, 3, 3, 4, 4, 4, 4, 5, 5, 5, 6, 6, 6, 7, 7, 7, 7, 8, 8, 8, 9, 9, 9, 10, 10, 10, 10, 11, 11, 11, 12, 12, 12, 13, 13, 13, 13, 14, 14, 14, 15, 15, 15, 16, 16, 16, 16, 17, 17, 17, 18, 18, 18, 19, 19, 19, 19, 20, 20, 20, 21, 21, 21, 22, 22, 22"
A089898,add mul idiv n INT+ 1 0 mod n INT- 1 0 n,(((n idiv 10) mul (n mod -10)) add n),"1, 2, 3, 4, 5, 6, 7, 8, 9, 10, 2, 4, 6, 8, 10, 12, 14, 16, 18, 20, 3, 6, 9, 12, 15, 18, 21, 24, 27, 30, 4, 8, 12, 16, 20, 24, 28, 32, 36, 40, 5, 10, 15, 20, 25, 30, 35, 40, 45, 50, 6, 12, 18, 24, 30, 36, 42, 48, 54, 60, 7, 14, 21, 28, 35, 42, 49, 56, 63, 70, 8, 16, 24, 32, 40, 48, 56, 64"
A028835,add x_0_4 9,(x_0_4 add 9),"2, 3, 5, 7, 11, 12, 14, 16, 20, 21, 23, 25, 29, 30, 32, 34, 38, 39, 41, 43, 47, 48, 50, 52, 56, 57, 59, 61, 65, 66, 68, 70, 74, 75, 77, 79, 83, 84, 86, 88, 92, 93, 95, 97, 101, 102, 104, 106, 110, 111, 113, 115, 119, 120, 122, 124, 128, 129, 131, 133, 137, 138, 140, 142, 146, 147, 149, 151, 155, 156"
A008954,mod sub x_0_1 sub 1 n mul 5 2,((x_0_1 sub (1 sub n)) mod (5 mul 2)),"0, 1, 3, 6, 0, 5, 1, 8, 6, 5, 5, 6, 8, 1, 5, 0, 6, 3, 1, 0, 0, 1, 3, 6, 0, 5, 1, 8, 6, 5, 5, 6, 8, 1, 5, 0, 6, 3, 1, 0, 0, 1, 3, 6, 0, 5, 1, 8, 6, 5, 5, 6, 8, 1, 5, 0, 6, 3, 1, 0, 0, 1, 3, 6, 0, 5, 1, 8, 6, 5, 5, 6, 8, 1, 5, 0, 6, 3, 1, 0, 0, 1, 3, 6, 0, 5, 1, 8, 6, 5, 5, 6, 8, 1, 5, 0, 6, 3, 1, 0"
A004769,add 8 x_0_1,(8 add x_0_1),"11, 19, 27, 35, 43, 51, 59, 67, 75, 83, 91, 99, 107, 115, 123, 131, 139, 147, 155, 163, 171, 179, 187, 195, 203, 211, 219, 227, 235, 243, 251, 259, 267, 275, 283, 291, 299, 307, 315, 323, 331, 339, 347, 355, 363, 371, 379, 387, 395, 403, 411, 419, 427, 435, 443, 451, 459, 467, 475, 483, 491"
A039272,add mul 2 idiv n INT+ 1 0 sub n 1,((2 mul (n idiv 10)) add (n sub 1)),"0, 1, 2, 3, 4, 5, 6, 7, 8, 11, 12, 13, 14, 15, 16, 17, 18, 19, 20, 23, 24, 25, 26, 27, 28, 29, 30, 31, 32, 35, 36, 37, 38, 39, 40, 41, 42, 43, 44, 47, 48, 49, 50, 51, 52, 53, 54, 55, 56, 59, 60, 61, 62, 63, 64, 65, 66, 67, 68, 71, 72, 73, 74, 75, 76, 77, 78, 79, 80, 83"
A044712,add 81 x_0_1,(81 add x_0_1),"80, 161, 242, 323, 404, 485, 566, 647, 728, 809, 890, 971, 1052, 1133, 1214, 1295, 1376, 1457, 1538, 1619, 1700, 1781, 1862, 1943, 2024, 2105, 2186, 2267, 2348, 2429, 2510, 2591, 2672, 2753, 2834, 2915, 2996, 3077, 3158"
A008959,mod add 5 x_0_5 INT+ 1 0,((5 add x_0_5) mod 10),"0, 1, 4, 9, 6, 5, 6, 9, 4, 1, 0, 1, 4, 9, 6, 5, 6, 9, 4, 1, 0, 1, 4, 9, 6, 5, 6, 9, 4, 1, 0, 1, 4, 9, 6, 5, 6, 9, 4, 1, 0, 1, 4, 9, 6, 5, 6, 9, 4, 1, 0, 1, 4, 9, 6, 5, 6, 9, 4, 1, 0, 1, 4, 9, 6, 5, 6, 9, 4, 1, 0, 1, 4, 9, 6, 5, 6, 9, 4, 1, 0, 1, 4, 9, 6, 5, 6, 9, 4, 1, 0, 1, 4, 9, 6, 5, 6, 9, 4, 1, 0"
A007095,sub idiv mul 81 n 73 1,(((81 mul n) idiv 73) sub 1),"0, 1, 2, 3, 4, 5, 6, 7, 8, 10, 11, 12, 13, 14, 15, 16, 17, 18, 20, 21, 22, 23, 24, 25, 26, 27, 28, 30, 31, 32, 33, 34, 35, 36, 37, 38, 40, 41, 42, 43, 44, 45, 46, 47, 48, 50, 51, 52, 53, 54, 55, 56, 57, 58, 60, 61, 62, 63, 64, 65, 66, 67, 68, 70, 71, 72, 73, 74, 75, 76, 77, 78, 80, 81, 82, 83, 84"
A052421,add n idiv sub n 9 9,(n add ((n sub 9) idiv 9)),"0, 1, 2, 3, 4, 5, 6, 7, 9, 10, 11, 12, 13, 14, 15, 16, 17, 19, 20, 21, 22, 23, 24, 25, 26, 27, 29, 30, 31, 32, 33, 34, 35, 36, 37, 39, 40, 41, 42, 43, 44, 45, 46, 47, 49, 50, 51, 52, 53, 54, 55, 56, 57, 59, 60, 61, 62, 63, 64, 65, 66, 67, 69, 70, 71, 72, 73, 74, 75, 76, 77, 79"
A032545,idiv add 110 n 73,((110 add n) idiv 73),"1, 1, 1, 1, 1, 1, 1, 1, 1, 1, 1, 1, 1, 1, 1, 1, 1, 1, 1, 1, 1, 1, 1, 1, 1, 1, 1, 1, 1, 1, 1, 1, 1, 1, 1, 2, 2, 2, 2, 2, 2, 2, 2, 2, 2, 2, 2, 2, 2, 2, 2, 2, 2, 2, 2, 2, 2, 2, 2, 2, 2, 2, 2, 2, 2, 2, 2, 2, 2, 2, 2, 2, 2, 2, 2, 2, 2, 2, 2, 2, 2, 2, 2, 2, 2, 2, 2, 2, 2, 2, 2, 2, 2, 2, 2, 2"
A039209,sub n sub 3 mul idiv n INT- 9 INT- 2,(n sub (3 sub ((n idiv -9) mul -2))),"0, 1, 2, 3, 4, 5, 6, 7, 8, 11, 12, 13, 14, 15, 16, 17, 18, 19, 22, 23, 24, 25, 26, 27, 28, 29, 30, 33, 34, 35, 36, 37, 38, 39, 40, 41, 44, 45, 46, 47, 48, 49, 50, 51, 52, 55, 56, 57, 58, 59, 60, 61, 62, 63, 66, 67, 68, 69, 70, 71, 72, 73, 74, 77, 78, 79, 80, 81, 82, 83"
A044322,add 81 x_0_1,(81 add x_0_1),"71, 152, 233, 314, 395, 476, 557, 638, 719, 800, 881, 962, 1043, 1124, 1205, 1286, 1367, 1448, 1529, 1610, 1691, 1772, 1853, 1934, 2015, 2096, 2177, 2258, 2339, 2420, 2501, 2582, 2663, 2744, 2825, 2906, 2987, 3068, 3149"
A044179,add 49 x_0_1,(49 add x_0_1),"41, 90, 139, 188, 237, 286, 335, 384, 433, 482, 531, 580, 629, 678, 727, 776, 825, 874, 923, 972, 1021, 1070, 1119, 1168, 1217, 1266, 1315, 1364, 1413, 1462, 1511, 1560, 1609, 1658, 1707, 1756, 1805, 1854, 1903, 1952, 2001"
A045797,add INT+ 2 0 x_0_4,(20 add x_0_4),"1, 3, 7, 9, 21, 23, 27, 29, 41, 43, 47, 49, 61, 63, 67, 69, 81, 83, 87, 89, 101, 103, 107, 109, 121, 123, 127, 129, 141, 143, 147, 149, 161, 163, 167, 169, 181, 183, 187, 189, 201, 203, 207, 209, 221, 223, 227, 229, 241, 243, 247, 249, 261, 263, 267, 269, 281"
A028836,add x_0_4 9,(x_0_4 add 9),"1, 2, 4, 8, 10, 11, 13, 17, 19, 20, 22, 26, 28, 29, 31, 35, 37, 38, 40, 44, 46, 47, 49, 53, 55, 56, 58, 62, 64, 65, 67, 71, 73, 74, 76, 80, 82, 83, 85, 89, 91, 92, 94, 98, 100, 101, 103, 107, 109, 110, 112, 116, 118, 119, 121, 125, 127, 128, 130, 134, 136, 137, 139, 143, 145, 146, 148, 152, 154, 155"
A004754,add n sub n mod n sub x_0_1 sub n 1,(n add (n sub (n mod (x_0_1 sub (n sub 1))))),"2, 4, 5, 8, 9, 10, 11, 16, 17, 18, 19, 20, 21, 22, 23, 32, 33, 34, 35, 36, 37, 38, 39, 40, 41, 42, 43, 44, 45, 46, 47, 64, 65, 66, 67, 68, 69, 70, 71, 72, 73, 74, 75, 76, 77, 78, 79, 80, 81, 82, 83, 84, 85, 86, 87, 88, 89, 90, 91, 92, 93, 94, 95, 128, 129, 130, 131"
A030132,add 9 mod add x_0_2 x_0_1 INT- 9,(9 add ((x_0_2 add x_0_1) mod -9)),"0, 1, 1, 2, 3, 5, 8, 4, 3, 7, 1, 8, 9, 8, 8, 7, 6, 4, 1, 5, 6, 2, 8, 1, 9, 1, 1, 2, 3, 5, 8, 4, 3, 7, 1, 8, 9, 8, 8, 7, 6, 4, 1, 5, 6, 2, 8, 1, 9, 1, 1, 2, 3, 5, 8, 4, 3, 7, 1, 8, 9, 8, 8, 7, 6, 4, 1, 5, 6, 2, 8, 1, 9, 1, 1, 2, 3, 5, 8, 4, 3, 7, 1, 8, 9, 8, 8"
A067870,add INT+ 2 0 x_0_2,(20 add x_0_2),"7, 13, 27, 33, 47, 53, 67, 73, 87, 93, 107, 113, 127, 133, 147, 153, 167, 173, 187, 193, 207, 213, 227, 233, 247, 253, 267, 273, 287, 293, 307, 313, 327, 333, 347, 353, 367, 373, 387, 393, 407, 413, 427, 433, 447, 453, 467, 473, 487, 493, 507, 513, 527, 533"
A003817,add mod x_0_1 sub n 1 sub n 1,((x_0_1 mod (n sub 1)) add (n sub 1)),"0, 1, 3, 3, 7, 7, 7, 7, 15, 15, 15, 15, 15, 15, 15, 15, 31, 31, 31, 31, 31, 31, 31, 31, 31, 31, 31, 31, 31, 31, 31, 31, 63, 63, 63, 63, 63, 63, 63, 63, 63, 63, 63, 63, 63, 63, 63, 63, 63, 63, 63, 63, 63, 63, 63, 63, 63, 63, 63, 63, 63, 63"
A003815,add x_0_2 sub x_0_4 x_0_6,(x_0_2 add (x_0_4 sub x_0_6)),"0, 1, 3, 0, 4, 1, 7, 0, 8, 1, 11, 0, 12, 1, 15, 0, 16, 1, 19, 0, 20, 1, 23, 0, 24, 1, 27, 0, 28, 1, 31, 0, 32, 1, 35, 0, 36, 1, 39, 0, 40, 1, 43, 0, 44, 1, 47, 0, 48, 1, 51, 0, 52, 1, 55, 0, 56, 1, 59, 0, 60, 1, 63, 0, 64, 1, 67, 0"
A056992,add 9 mod sqr n INT- 9,(9 add ((n)**2 mod -9)),"1, 4, 9, 7, 7, 9, 4, 1, 9, 1, 4, 9, 7, 7, 9, 4, 1, 9, 1, 4, 9, 7, 7, 9, 4, 1, 9, 1, 4, 9, 7, 7, 9, 4, 1, 9, 1, 4, 9, 7, 7, 9, 4, 1, 9, 1, 4, 9, 7, 7, 9, 4, 1, 9, 1, 4, 9, 7, 7, 9, 4, 1, 9, 1, 4, 9, 7, 7, 9, 4, 1, 9, 1, 4, 9, 7, 7, 9, 4, 1, 9, 1, 4, 9, 7, 7, 9"
A081223,add idiv mul 123 n sub 75 4 1,(((123 mul n) idiv (75 sub 4)) add 1),"2, 4, 6, 7, 9, 11, 13, 14, 16, 18, 20, 21, 23, 25, 26, 28, 30, 32, 33, 35, 37, 39, 40, 42, 44, 46, 47, 49, 51, 52, 54, 56, 58, 59, 61, 63, 65, 66, 68, 70, 72, 73, 75, 77, 78, 80, 82, 84, 85, 87, 89, 91, 92, 94, 96, 98, 99, 101, 103, 104, 106, 108, 110, 111, 113, 115, 117, 118"
A004482,add x_0_3 3,(x_0_3 add 3),"1, 2, 0, 4, 5, 3, 7, 8, 6, 10, 11, 9, 13, 14, 12, 16, 17, 15, 19, 20, 18, 22, 23, 21, 25, 26, 24, 28, 29, 27, 31, 32, 30, 34, 35, 33, 37, 38, 36, 40, 41, 39, 43, 44, 42, 46, 47, 45, 49, 50, 48, 52, 53, 51, 55, 56, 54, 58, 59, 57, 61, 62"
A053645,mod n abs sub x_0_1 sub n 1,(n mod abs((x_0_1 sub (n sub 1)))),"0, 0, 1, 0, 1, 2, 3, 0, 1, 2, 3, 4, 5, 6, 7, 0, 1, 2, 3, 4, 5, 6, 7, 8, 9, 10, 11, 12, 13, 14, 15, 0, 1, 2, 3, 4, 5, 6, 7, 8, 9, 10, 11, 12, 13, 14, 15, 16, 17, 18, 19, 20, 21, 22, 23, 24, 25, 26, 27, 28, 29, 30, 31, 0, 1, 2, 3, 4, 5, 6, 7, 8, 9, 10, 11, 12, 13, 14, 15, 16, 17, 18, 19, 20"
A004755,sub mul n 3 mod sub INT- 1 x_0_1 n,((n mul 3) sub ((-1 sub x_0_1) mod n)),"3, 6, 7, 12, 13, 14, 15, 24, 25, 26, 27, 28, 29, 30, 31, 48, 49, 50, 51, 52, 53, 54, 55, 56, 57, 58, 59, 60, 61, 62, 63, 96, 97, 98, 99, 100, 101, 102, 103, 104, 105, 106, 107, 108, 109, 110, 111, 112, 113, 114, 115, 116, 117, 118, 119, 120, 121, 122"
A030439,add x_0_2 mul sub x_0_2 x_0_4 3,(x_0_2 add ((x_0_2 sub x_0_4) mul 3)),"0, 1, 2, 3, 8, 9, 26, 27, 80, 81, 242, 243, 728, 729, 2186, 2187, 6560, 6561, 19682, 19683, 59048, 59049, 177146, 177147, 531440, 531441, 1594322, 1594323, 4782968, 4782969, 14348906, 14348907, 43046720, 43046721, 129140162, 129140163, 387420488, 387420489"
A061501,mod sub x_0_1 sub 1 n mul 5 2,((x_0_1 sub (1 sub n)) mod (5 mul 2)),"1, 2, 4, 7, 1, 6, 2, 9, 7, 6, 6, 7, 9, 2, 6, 1, 7, 4, 2, 1, 1, 2, 4, 7, 1, 6, 2, 9, 7, 6, 6, 7, 9, 2, 6, 1, 7, 4, 2, 1, 1, 2, 4, 7, 1, 6, 2, 9, 7, 6, 6, 7, 9, 2, 6, 1, 7, 4, 2, 1, 1, 2, 4, 7, 1, 6, 2, 9, 7, 6, 6, 7, 9, 2, 6, 1, 7, 4, 2, 1, 1, 2, 4, 7, 1, 6, 2, 9, 7, 6, 6, 7, 9, 2, 6, 1, 7, 4, 2, 1, 1, 2, 4, 7, 1"
A056527,add x_0_4 9,(x_0_4 add 9),"2, 4, 5, 7, 11, 13, 14, 16, 20, 22, 23, 25, 29, 31, 32, 34, 38, 40, 41, 43, 47, 49, 50, 52, 56, 58, 59, 61, 65, 67, 68, 70, 74, 76, 77, 79, 83, 85, 86, 88, 92, 94, 95, 97, 101, 103, 104, 106, 110, 112, 113, 115, 119, 121, 122, 124, 128, 130, 131, 133, 137, 139, 140"
A023974,relu sign sub n mul 9 2,relu(sign((n sub (9 mul 2)))),"0, 0, 0, 0, 0, 0, 0, 0, 0, 0, 0, 0, 0, 0, 0, 0, 0, 1, 1, 1, 1, 1, 1, 1, 1, 1, 1, 1, 1, 1, 1, 1, 1, 1, 1, 1, 1, 1, 1, 1, 1, 1, 1, 1, 1, 1, 1, 1, 1, 1, 1, 1, 1, 1, 1, 1, 1, 1, 1, 1, 1, 1, 1, 1, 1, 1, 1, 1, 1, 1, 1, 1, 1, 1, 1, 1, 1, 1, 1, 1, 1, 1, 1, 1, 1, 1, 1, 1, 1, 1, 1, 1, 1, 1, 1, 1, 1, 1, 1, 1, 1, 1"
A037833,relu sign sub n mul INT+ 1 0 mod n INT+ 1 0,relu(sign((n sub (10 mul (n mod 10))))),"0, 0, 0, 0, 0, 0, 0, 0, 0, 1, 1, 0, 0, 0, 0, 0, 0, 0, 0, 1, 1, 1, 0, 0, 0, 0, 0, 0, 0, 1, 1, 1, 1, 0, 0, 0, 0, 0, 0, 1, 1, 1, 1, 1, 0, 0, 0, 0, 0, 1, 1, 1, 1, 1, 1, 0, 0, 0, 0, 1, 1, 1, 1, 1, 1, 1, 0, 0, 0, 1, 1, 1, 1, 1, 1, 1, 1, 0, 0, 1, 1, 1, 1, 1, 1, 1, 1, 1, 0, 1"
A007929,add INT+ 2 0 x_0_5,(20 add x_0_5),"21, 23, 25, 27, 29, 41, 43, 45, 47, 49, 61, 63, 65, 67, 69, 81, 83, 85, 87, 89, 101, 103, 105, 107, 109, 121, 123, 125, 127, 129, 141, 143, 145, 147, 149, 161, 163, 165, 167, 169, 181, 183, 185, 187, 189, 201"
A035327,mod sub x_0_1 1 sub n 1,((x_0_1 sub 1) mod (n sub 1)),"1, 0, 1, 0, 3, 2, 1, 0, 7, 6, 5, 4, 3, 2, 1, 0, 15, 14, 13, 12, 11, 10, 9, 8, 7, 6, 5, 4, 3, 2, 1, 0, 31, 30, 29, 28, 27, 26, 25, 24, 23, 22, 21, 20, 19, 18, 17, 16, 15, 14, 13, 12, 11, 10, 9, 8, 7, 6, 5, 4, 3, 2, 1, 0, 63, 62, 61, 60, 59, 58, 57, 56, 55, 54, 53, 52, 51, 50, 49, 48, 47, 46"
A028837,add x_0_3 9,(x_0_3 add 9),"1, 4, 9, 10, 13, 18, 19, 22, 27, 28, 31, 36, 37, 40, 45, 46, 49, 54, 55, 58, 63, 64, 67, 72, 73, 76, 81, 82, 85, 90, 91, 94, 99, 100, 103, 108, 109, 112, 117, 118, 121, 126, 127, 130, 135, 136, 139, 144, 145, 148, 153, 154, 157, 162, 163, 166, 171, 172, 175, 180"
A008461,sign x_0_5,sign(x_0_5),"7, 49, 97, 130, 10, 1, 1, 1, 1, 1, 1, 1, 1, 1, 1, 1, 1, 1, 1, 1, 1, 1, 1, 1, 1, 1, 1, 1, 1, 1, 1, 1, 1, 1, 1, 1, 1, 1, 1, 1, 1, 1, 1, 1, 1, 1, 1, 1, 1, 1, 1, 1, 1, 1, 1, 1, 1, 1, 1, 1, 1, 1, 1, 1, 1, 1, 1, 1, 1, 1, 1, 1, 1, 1, 1, 1, 1, 1, 1, 1, 1, 1, 1, 1, 1, 1, 1, 1, 1, 1, 1, 1, 1, 1"
A044631,add 64 x_0_1,(64 add x_0_1),"63, 127, 191, 255, 319, 383, 447, 511, 575, 639, 703, 767, 831, 895, 959, 1023, 1087, 1151, 1215, 1279, 1343, 1407, 1471, 1535, 1599, 1663, 1727, 1791, 1855, 1919, 1983, 2047, 2111, 2175, 2239, 2303, 2367, 2431, 2495, 2559, 2623, 2687, 2751, 2815, 2879, 2943"
A067749,add 100 x_0_1,(100 add x_0_1),"87, 187, 287, 387, 487, 587, 687, 787, 887, 987, 1087, 1187, 1287, 1387, 1487, 1587, 1687, 1787, 1887, 1987, 2087, 2187, 2287, 2387, 2487, 2587, 2687, 2787, 2887, 2987, 3087, 3187, 3287, 3387, 3487, 3587, 3687, 3787, 3887, 3987, 4087, 4187, 4287, 4387"
A008852,add x_0_4 100,(x_0_4 add 100),"0, 1, 25, 76, 100, 101, 125, 176, 200, 201, 225, 276, 300, 301, 325, 376, 400, 401, 425, 476, 500, 501, 525, 576, 600, 601, 625, 676, 700, 701, 725, 776, 800, 801, 825, 876, 900, 901, 925, 976, 1000, 1001, 1025, 1076, 1100, 1101, 1125, 1176, 1200, 1201"
A066568,mul 9 idiv sub n 1 INT+ 1 0,(9 mul ((n sub 1) idiv 10)),"0, 0, 0, 0, 0, 0, 0, 0, 0, 0, 9, 9, 9, 9, 9, 9, 9, 9, 9, 9, 18, 18, 18, 18, 18, 18, 18, 18, 18, 18, 27, 27, 27, 27, 27, 27, 27, 27, 27, 27, 36, 36, 36, 36, 36, 36, 36, 36, 36, 36, 45, 45, 45, 45, 45, 45, 45, 45, 45, 45, 54, 54, 54, 54, 54, 54, 54, 54, 54, 54, 63, 63, 63, 63, 63, 63"
A008960,mod add 5 x_0_5 INT+ 1 0,((5 add x_0_5) mod 10),"0, 1, 8, 7, 4, 5, 6, 3, 2, 9, 0, 1, 8, 7, 4, 5, 6, 3, 2, 9, 0, 1, 8, 7, 4, 5, 6, 3, 2, 9, 0, 1, 8, 7, 4, 5, 6, 3, 2, 9, 0, 1, 8, 7, 4, 5, 6, 3, 2, 9, 0, 1, 8, 7, 4, 5, 6, 3, 2, 9, 0, 1, 8, 7, 4, 5, 6, 3, 2, 9, 0, 1, 8, 7, 4, 5, 6, 3, 2, 9, 0, 1, 8, 7, 4, 5"
A010078,add mod sub x_0_1 n mul x_0_1 2 sub n 1,(((x_0_1 sub n) mod (x_0_1 mul 2)) add (n sub 1)),"1, 2, 5, 4, 11, 10, 9, 8, 23, 22, 21, 20, 19, 18, 17, 16, 47, 46, 45, 44, 43, 42, 41, 40, 39, 38, 37, 36, 35, 34, 33, 32, 95, 94, 93, 92, 91, 90, 89, 88, 87, 86, 85, 84, 83, 82, 81, 80, 79, 78, 77, 76, 75, 74, 73, 72, 71, 70, 69, 68, 67, 66, 65, 64, 191, 190, 189"
A070514,mod add 5 x_0_5 INT+ 1 0,((5 add x_0_5) mod 10),"0, 1, 6, 1, 6, 5, 6, 1, 6, 1, 0, 1, 6, 1, 6, 5, 6, 1, 6, 1, 0, 1, 6, 1, 6, 5, 6, 1, 6, 1, 0, 1, 6, 1, 6, 5, 6, 1, 6, 1, 0, 1, 6, 1, 6, 5, 6, 1, 6, 1, 0, 1, 6, 1, 6, 5, 6, 1, 6, 1, 0, 1, 6, 1, 6, 5, 6, 1, 6, 1, 0, 1, 6, 1, 6, 5, 6, 1, 6, 1, 0, 1, 6, 1, 6, 5, 6, 1, 6, 1, 0, 1, 6, 1, 6, 5, 6, 1, 6, 1, 0"
A043545,relu sign mod n mod sqr 8 n,relu(sign((n mod ((8)**2 mod n)))),"0, 0, 1, 0, 1, 1, 1, 0, 1, 1, 1, 1, 1, 1, 1, 0, 1, 1, 1, 1, 1, 1, 1, 1, 1, 1, 1, 1, 1, 1, 1, 0, 1, 1, 1, 1, 1, 1, 1, 1, 1, 1, 1, 1, 1, 1, 1, 1, 1, 1, 1, 1, 1, 1, 1, 1, 1, 1, 1, 1, 1, 1, 1, 0, 1, 1, 1, 1, 1, 1, 1, 1, 1, 1, 1, 1, 1, 1, 1, 1, 1, 1, 1, 1, 1, 1, 1, 1, 1, 1, 1, 1, 1, 1, 1, 1, 1, 1, 1, 1, 1, 1, 1, 1, 1"
A039207,add mul 2 idiv n 9 sub n 1,((2 mul (n idiv 9)) add (n sub 1)),"0, 1, 2, 3, 4, 5, 6, 7, 10, 11, 12, 13, 14, 15, 16, 17, 18, 21, 22, 23, 24, 25, 26, 27, 28, 29, 32, 33, 34, 35, 36, 37, 38, 39, 40, 43, 44, 45, 46, 47, 48, 49, 50, 51, 54, 55, 56, 57, 58, 59, 60, 61, 62, 65, 66, 67, 68, 69, 70, 71, 72, 73, 76, 77, 78, 79, 80, 81, 82, 83"
A030139,add 9 mod add x_0_2 x_0_1 INT- 9,(9 add ((x_0_2 add x_0_1) mod -9)),"1, 4, 5, 9, 5, 5, 1, 6, 7, 4, 2, 6, 8, 5, 4, 9, 4, 4, 8, 3, 2, 5, 7, 3, 1, 4, 5, 9, 5, 5, 1, 6, 7, 4, 2, 6, 8, 5, 4, 9, 4, 4, 8, 3, 2, 5, 7, 3, 1, 4, 5, 9, 5, 5, 1, 6, 7, 4, 2, 6, 8, 5, 4, 9, 4, 4, 8, 3, 2, 5, 7, 3, 1, 4, 5, 9, 5, 5, 1, 6, 7, 4, 2, 6, 8, 5, 4, 9, 4, 4, 8, 3, 2, 5, 7, 3, 1, 4, 5"
A060584,abs sub x_0_3 x_0_6,abs((x_0_3 sub x_0_6)),"0, 1, 1, 1, 0, 1, 1, 1, 0, 0, 1, 1, 1, 0, 1, 1, 1, 0, 0, 1, 1, 1, 0, 1, 1, 1, 0, 0, 1, 1, 1, 0, 1, 1, 1, 0, 0, 1, 1, 1, 0, 1, 1, 1, 0, 0, 1, 1, 1, 0, 1, 1, 1, 0, 0, 1, 1, 1, 0, 1, 1, 1, 0, 0, 1, 1, 1, 0, 1, 1, 1, 0, 0, 1, 1, 1, 0, 1, 1, 1, 0, 0, 1, 1, 1, 0, 1, 1, 1, 0, 0, 1, 1, 1, 0, 1, 1, 1, 0, 0, 1, 1, 1, 0, 1"
A070875,add x_0_2 x_0_2,(x_0_2 add x_0_2),"5, 7, 10, 14, 20, 28, 40, 56, 80, 112, 160, 224, 320, 448, 640, 896, 1280, 1792, 2560, 3584, 5120, 7168, 10240, 14336, 20480, 28672, 40960, 57344, 81920, 114688, 163840, 229376, 327680, 458752, 655360, 917504, 1310720, 1835008, 2621440"
A072703,add x_0_2 add 8 7,(x_0_2 add (8 add 7)),"5, 10, 20, 25, 35, 40, 50, 55, 65, 70, 80, 85, 95, 100, 110, 115, 125, 130, 140, 145, 155, 160, 170, 175, 185, 190, 200, 205, 215, 220, 230, 235, 245, 250, 260, 265, 275, 280, 290, 295, 305, 310, 320, 325, 335, 340, 350, 355, 365, 370, 380"
A028440,add mul INT+ 1 0 n idiv mod 9 n 9,((10 mul n) add ((9 mod n) idiv 9)),"10, 20, 30, 40, 50, 60, 70, 80, 90, 101, 111, 121, 131, 141, 151, 161, 171, 181, 191, 201, 211, 221, 231, 241, 251, 261, 271, 281, 291, 301, 311, 321, 331, 341, 351, 361, 371, 381, 391, 401, 411, 421, 431, 441, 451, 461, 471, 481, 491, 501, 511, 521, 531"
A028439,add mul n 9 idiv add n x_0_2 x_0_1,((n mul 9) add ((n add x_0_2) idiv x_0_1)),"9, 18, 27, 36, 45, 54, 63, 72, 82, 91, 100, 109, 118, 127, 136, 145, 154, 163, 172, 181, 190, 199, 208, 217, 226, 235, 244, 253, 262, 271, 280, 289, 298, 307, 316, 325, 334, 343, 352, 361, 370, 379, 388, 397, 406, 415, 424, 433, 442, 451, 460, 469, 478, 487"
A028438,add mul n 8 idiv add n x_0_2 x_0_1,((n mul 8) add ((n add x_0_2) idiv x_0_1)),"8, 16, 24, 32, 40, 48, 56, 65, 73, 81, 89, 97, 105, 113, 121, 129, 137, 145, 153, 161, 169, 177, 185, 193, 201, 209, 217, 225, 233, 241, 249, 257, 265, 273, 281, 289, 297, 305, 313, 321, 329, 337, 345, 353, 361, 369, 377, 385, 393, 401, 409, 417, 425, 433"
A028841,add x_0_5 9,(x_0_5 add 9),"1, 2, 3, 5, 8, 10, 11, 12, 14, 17, 19, 20, 21, 23, 26, 28, 29, 30, 32, 35, 37, 38, 39, 41, 44, 46, 47, 48, 50, 53, 55, 56, 57, 59, 62, 64, 65, 66, 68, 71, 73, 74, 75, 77, 80, 82, 83, 84, 86, 89, 91, 92, 93, 95, 98, 100, 101, 102, 104, 107, 109, 110, 111, 113, 116, 118, 119"
A029898,sub 9 mul x_0_3 sign x_0_4,(9 sub (x_0_3 mul sign(x_0_4))),"1, 1, 2, 4, 8, 7, 5, 1, 2, 4, 8, 7, 5, 1, 2, 4, 8, 7, 5, 1, 2, 4, 8, 7, 5, 1, 2, 4, 8, 7, 5, 1, 2, 4, 8, 7, 5, 1, 2, 4, 8, 7, 5, 1, 2, 4, 8, 7, 5, 1, 2, 4, 8, 7, 5, 1, 2, 4, 8, 7, 5, 1, 2, 4, 8, 7, 5, 1, 2, 4, 8, 7, 5, 1, 2, 4, 8, 7, 5, 1, 2, 4, 8, 7, 5, 1, 2, 4, 8, 7, 5, 1, 2, 4, 8, 7, 5, 1, 2, 4, 8, 7, 5, 1, 2"
A030133,add 9 mod add x_0_2 x_0_1 INT- 9,(9 add ((x_0_2 add x_0_1) mod -9)),"2, 1, 3, 4, 7, 2, 9, 2, 2, 4, 6, 1, 7, 8, 6, 5, 2, 7, 9, 7, 7, 5, 3, 8, 2, 1, 3, 4, 7, 2, 9, 2, 2, 4, 6, 1, 7, 8, 6, 5, 2, 7, 9, 7, 7, 5, 3, 8, 2, 1, 3, 4, 7, 2, 9, 2, 2, 4, 6, 1, 7, 8, 6, 5, 2, 7, 9, 7, 7, 5, 3, 8, 2, 1, 3, 4, 7, 2, 9, 2, 2, 4, 6, 1, 7, 8, 6, 5, 2, 7, 9, 7, 7, 5, 3, 8, 2, 1, 3"
A043290,add 1 relu sub x_0_2 mod n add 9 8,(1 add relu((x_0_2 sub (n mod (9 add 8))))),"1, 1, 1, 1, 1, 1, 1, 1, 1, 1, 1, 1, 1, 1, 1, 1, 2, 1, 1, 1, 1, 1, 1, 1, 1, 1, 1, 1, 1, 1, 1, 1, 1, 2, 1, 1, 1, 1, 1, 1, 1, 1, 1, 1, 1, 1, 1, 1, 1, 1, 2, 1, 1, 1, 1, 1, 1, 1, 1, 1, 1, 1, 1, 1, 1, 1, 1, 2, 1, 1, 1, 1, 1, 1, 1, 1, 1, 1, 1, 1, 1, 1, 1, 1, 2, 1, 1, 1, 1, 1, 1, 1, 1, 1, 1, 1, 1, 1, 1, 1, 1, 2, 1, 1, 1, 1, 1, 1, 1, 1, 1, 1, 1, 1, 1, 1, 1, 1, 2, 1"
A043287,add 1 relu sub x_0_2 mod n mul 7 2,(1 add relu((x_0_2 sub (n mod (7 mul 2))))),"1, 1, 1, 1, 1, 1, 1, 1, 1, 1, 1, 1, 1, 2, 1, 1, 1, 1, 1, 1, 1, 1, 1, 1, 1, 1, 1, 2, 1, 1, 1, 1, 1, 1, 1, 1, 1, 1, 1, 1, 1, 2, 1, 1, 1, 1, 1, 1, 1, 1, 1, 1, 1, 1, 1, 2, 1, 1, 1, 1, 1, 1, 1, 1, 1, 1, 1, 1, 1, 2, 1, 1, 1, 1, 1, 1, 1, 1, 1, 1, 1, 1, 1, 2, 1, 1, 1, 1, 1, 1, 1, 1, 1, 1, 1, 1, 1, 2, 1, 1, 1, 1, 1, 1, 1, 1, 1, 1, 1, 1, 1, 2, 1, 1, 1, 1, 1"
A030696,mul n add 9 sign x_0_3,(n mul (9 add sign(x_0_3))),"5, 20, 14, 40, 50, 60, 70, 80, 90, 100, 110, 120, 130, 140, 150, 160, 170, 180, 190, 200, 210, 220, 230, 240, 250, 260, 270, 280, 290, 300, 310, 320, 330, 340, 350, 360, 370, 380, 390, 400, 410, 420, 430, 440, 450, 460, 470, 480, 490, 500, 510"
A080787,add mod x_0_2 INT+ 1 0 x_0_1,((x_0_2 mod 10) add x_0_1),"1, 1, 2, 3, 5, 8, 13, 21, 24, 25, 29, 34, 43, 47, 50, 57, 57, 64, 71, 75, 76, 81, 87, 88, 95, 103, 108, 111, 119, 120, 129, 129, 138, 147, 155, 162, 167, 169, 176, 185, 191, 196, 197, 203, 210, 213, 213, 216, 219, 225, 234, 239, 243, 252, 255, 257, 262, 269, 271"
A043285,add 1 relu sub x_0_2 mod n add 8 4,(1 add relu((x_0_2 sub (n mod (8 add 4))))),"1, 1, 1, 1, 1, 1, 1, 1, 1, 1, 1, 2, 1, 1, 1, 1, 1, 1, 1, 1, 1, 1, 1, 2, 1, 1, 1, 1, 1, 1, 1, 1, 1, 1, 1, 2, 1, 1, 1, 1, 1, 1, 1, 1, 1, 1, 1, 2, 1, 1, 1, 1, 1, 1, 1, 1, 1, 1, 1, 2, 1, 1, 1, 1, 1, 1, 1, 1, 1, 1, 1, 2, 1, 1, 1, 1, 1, 1, 1, 1, 1, 1, 1, 2, 1, 1, 1, 1, 1, 1, 1, 1, 1, 1, 1, 2, 1, 1, 1, 1, 1, 1, 1, 1, 1"
A043286,add 1 relu sub x_0_2 mod n add 9 4,(1 add relu((x_0_2 sub (n mod (9 add 4))))),"1, 1, 1, 1, 1, 1, 1, 1, 1, 1, 1, 1, 2, 1, 1, 1, 1, 1, 1, 1, 1, 1, 1, 1, 1, 2, 1, 1, 1, 1, 1, 1, 1, 1, 1, 1, 1, 1, 2, 1, 1, 1, 1, 1, 1, 1, 1, 1, 1, 1, 1, 2, 1, 1, 1, 1, 1, 1, 1, 1, 1, 1, 1, 1, 2, 1, 1, 1, 1, 1, 1, 1, 1, 1, 1, 1, 1, 2, 1, 1, 1, 1, 1, 1, 1, 1, 1, 1, 1, 1, 2, 1, 1, 1, 1, 1, 1, 1, 1, 1, 1, 1, 1, 2, 1"
A083230,add 1 relu sub x_0_2 mod n add 9 2,(1 add relu((x_0_2 sub (n mod (9 add 2))))),"1, 1, 1, 1, 1, 1, 1, 1, 1, 1, 2, 1, 1, 1, 1, 1, 1, 1, 1, 1, 1, 2, 1, 1, 1, 1, 1, 1, 1, 1, 1, 1, 2, 1, 1, 1, 1, 1, 1, 1, 1, 1, 1, 2, 1, 1, 1, 1, 1, 1, 1, 1, 1, 1, 2, 1, 1, 1, 1, 1, 1, 1, 1, 1, 1, 2, 1, 1, 1, 1, 1, 1, 1, 1, 1, 1, 2, 1, 1, 1, 1, 1, 1, 1, 1, 1, 1, 2, 1, 1, 1, 1, 1, 1, 1, 1, 1, 1, 2, 1, 1, 1, 1, 1, 1"
A044567,add 49 x_0_1,(49 add x_0_1),"48, 97, 146, 195, 244, 293, 342, 391, 440, 489, 538, 587, 636, 685, 734, 783, 832, 881, 930, 979, 1028, 1077, 1126, 1175, 1224, 1273, 1322, 1371, 1420, 1469, 1518, 1567, 1616, 1665, 1714, 1763, 1812, 1861, 1910, 1959, 2008, 2057, 2106, 2155, 2204, 2253, 2302"
A023810,add idiv mod INT- 2 n sqr 4 sub n 1,(((-2 mod n) idiv (4)**2) add (n sub 1)),"0, 1, 2, 3, 4, 5, 6, 7, 8, 9, 10, 11, 12, 13, 14, 15, 16, 18, 19, 20, 21, 22, 23, 24, 25, 26, 27, 28, 29, 30, 31, 32, 33, 35, 36, 37, 38, 39, 40, 41, 42, 43, 44, 45, 46, 47, 48, 49, 50, 52, 53, 54, 55, 56, 57, 58, 59, 60, 61, 62, 63, 64, 65, 66, 67, 69, 70, 71, 72"
A032614,add 100 add x_0_1 1,(100 add (x_0_1 add 1)),"110, 211, 312, 413, 514, 615, 716, 817, 918, 1019, 1120, 1221, 1322, 1423, 1524, 1625, 1726, 1827, 1928, 2029, 2130, 2231, 2332, 2433, 2534, 2635, 2736, 2837, 2938, 3039, 3140, 3241, 3342, 3443, 3544, 3645, 3746, 3847, 3948, 4049, 4150"
A056991,add x_0_4 9,(x_0_4 add 9),"1, 4, 7, 9, 10, 13, 16, 18, 19, 22, 25, 27, 28, 31, 34, 36, 37, 40, 43, 45, 46, 49, 52, 54, 55, 58, 61, 63, 64, 67, 70, 72, 73, 76, 79, 81, 82, 85, 88, 90, 91, 94, 97, 99, 100, 103, 106, 108, 109, 112, 115, 117, 118, 121, 124, 126, 127, 130, 133, 135, 136, 139, 142"
A033662,add x_0_1 sign x_0_5,(x_0_1 add sign(x_0_5)),"4, 9, 13, 15, 17, 18, 19, 20, 21, 22, 23, 24, 25, 26, 27, 28, 29, 30, 31, 32, 33, 34, 35, 36, 37, 38, 39, 40, 41, 42, 43, 44, 45, 46, 47, 48, 49, 50, 51, 52, 53, 54, 55, 56, 57, 58, 59, 60, 61, 62, 63, 64, 65, 66, 67, 68, 69, 70, 71, 72, 73, 74, 75, 76, 77, 78, 79, 80, 81, 82"
A034115,add sqr add n 5 idiv n INT- 5,(((n add 5))**2 add (n idiv -5)),"35, 48, 63, 80, 99, 119, 142, 167, 194, 223, 253, 286, 321, 358, 397, 437, 480, 525, 572, 621, 671, 724, 779, 836, 895, 955, 1018, 1083, 1150, 1219, 1289, 1362, 1437, 1514, 1593, 1673, 1756, 1841, 1928, 2017, 2107, 2200, 2295, 2392, 2491, 2591, 2694"
A034110,add sub sqr n idiv sub n 1 5 n,(((n)**2 sub ((n sub 1) idiv 5)) add n),"2, 6, 12, 20, 30, 41, 55, 71, 89, 109, 130, 154, 180, 208, 238, 269, 303, 339, 377, 417, 458, 502, 548, 596, 646, 697, 751, 807, 865, 925, 986, 1050, 1116, 1184, 1254, 1325, 1399, 1475, 1553, 1633, 1714, 1798, 1884, 1972, 2062, 2153, 2247, 2343, 2441, 2541"
A034111,add x_0_1 mul add 3 n 2,(x_0_1 add ((3 add n) mul 2)),"21, 31, 43, 57, 73, 91, 111, 133, 157, 183, 211, 241, 273, 307, 343, 381, 421, 463, 507, 553, 601, 651, 703, 757, 813, 871, 931, 993, 1057, 1123, 1191, 1261, 1333, 1407, 1483, 1561, 1641, 1723, 1807, 1893, 1981, 2071, 2163, 2257, 2353, 2451, 2551, 2653"
A034077,add 1 sign x_0_6,(1 add sign(x_0_6)),"26, 9, 17, 33, 65, 129, 2, 2, 2, 2, 2, 2, 2, 2, 2, 2, 2, 2, 2, 2, 2, 2, 2, 2, 2, 2, 2, 2, 2, 2, 2, 2, 2, 2, 2, 2, 2, 2, 2, 2, 2, 2, 2, 2, 2, 2, 2, 2, 2, 2, 2, 2, 2, 2, 2, 2, 2, 2, 2, 2, 2, 2, 2, 2, 2, 2, 2, 2, 2, 2, 2, 2, 2, 2, 2, 2, 2, 2, 2, 2, 2, 2, 2, 2, 2, 2, 2, 2, 2, 2, 2, 2, 2, 2, 2, 2, 2, 2, 2, 2, 2, 2"
A034106,add 1 sqr add n 4,(1 add ((n add 4))**2),"26, 37, 50, 65, 82, 101, 122, 145, 170, 197, 226, 257, 290, 325, 362, 401, 442, 485, 530, 577, 626, 677, 730, 785, 842, 901, 962, 1025, 1090, 1157, 1226, 1297, 1370, 1445, 1522, 1601, 1682, 1765, 1850, 1937, 2026, 2117, 2210, 2305, 2402, 2501, 2602"
A067844,add INT+ 2 0 x_0_2,(20 add x_0_2),"14, 16, 34, 36, 54, 56, 74, 76, 94, 96, 114, 116, 134, 136, 154, 156, 174, 176, 194, 196, 214, 216, 234, 236, 254, 256, 274, 276, 294, 296, 314, 316, 334, 336, 354, 356, 374, 376, 394, 396, 414, 416, 434, 436, 454, 456, 474, 476, 494, 496, 514, 516, 534, 536"
A060588,mod add x_0_3 2 3,((x_0_3 add 2) mod 3),"0, 2, 1, 2, 1, 0, 1, 0, 2, 0, 2, 1, 2, 1, 0, 1, 0, 2, 0, 2, 1, 2, 1, 0, 1, 0, 2, 0, 2, 1, 2, 1, 0, 1, 0, 2, 0, 2, 1, 2, 1, 0, 1, 0, 2, 0, 2, 1, 2, 1, 0, 1, 0, 2, 0, 2, 1, 2, 1, 0, 1, 0, 2, 0, 2, 1, 2, 1, 0, 1, 0, 2, 0, 2, 1, 2, 1, 0, 1, 0, 2, 0, 2, 1, 2, 1, 0, 1, 0, 2, 0, 2, 1, 2, 1, 0, 1, 0, 2, 0, 2, 1, 2, 1, 0"
A045798,add INT+ 2 0 x_0_4,(20 add x_0_4),"11, 13, 17, 19, 31, 33, 37, 39, 51, 53, 57, 59, 71, 73, 77, 79, 91, 93, 97, 99, 111, 113, 117, 119, 131, 133, 137, 139, 151, 153, 157, 159, 171, 173, 177, 179, 191, 193, 197, 199, 211, 213, 217, 219, 231, 233, 237, 239, 251, 253, 257, 259"
A044242,add 64 x_0_1,(64 add x_0_1),"55, 119, 183, 247, 311, 375, 439, 503, 567, 631, 695, 759, 823, 887, 951, 1015, 1079, 1143, 1207, 1271, 1335, 1399, 1463, 1527, 1591, 1655, 1719, 1783, 1847, 1911, 1975, 2039, 2103, 2167, 2231, 2295, 2359, 2423, 2487, 2551"
A039685,add x_0_2 sub x_0_1 x_0_3,(x_0_2 add (x_0_1 sub x_0_3)),"38, 462, 538, 962, 1038, 1462, 1538, 1962, 2038, 2462, 2538, 2962, 3038, 3462, 3538, 3962, 4038, 4462, 4538, 4962, 5038, 5462, 5538, 5962, 6038, 6462, 6538, 6962, 7038, 7462, 7538, 7962, 8038, 8462, 8538, 8962, 9038, 9462, 9538, 9962, 10038, 10462"
A080734,idiv mul sub mul n 4 2 5 7,((((n mul 4) sub 2) mul 5) idiv 7),"1, 4, 7, 10, 12, 15, 18, 21, 24, 27, 30, 32, 35, 38, 41, 44, 47, 50, 52, 55, 58, 61, 64, 67, 70, 72, 75, 78, 81, 84, 87, 90, 92, 95, 98, 101, 104, 107, 110, 112, 115, 118, 121, 124, 127, 130, 132, 135, 138, 141, 144, 147, 150, 152, 155, 158, 161, 164, 167, 170, 172"
A044421,add 100 x_0_1,(100 add x_0_1),"89, 189, 289, 389, 489, 589, 689, 789, 889, 989, 1089, 1189, 1289, 1389, 1489, 1589, 1689, 1789, 1889, 1989, 2089, 2189, 2289, 2389, 2489, 2589, 2689, 2789, 2889, 2989, 3089, 3189, 3289, 3389, 3489, 3589, 3689, 3789, 3889"
A044909,add mod sub mod n 8 n mul 8 n n,((((n mod 8) sub n) mod (8 mul n)) add n),"1, 2, 3, 4, 5, 6, 7, 64, 73, 82, 91, 100, 109, 118, 127, 128, 137, 146, 155, 164, 173, 182, 191, 192, 201, 210, 219, 228, 237, 246, 255, 256, 265, 274, 283, 292, 301, 310, 319, 320, 329, 338, 347, 356, 365, 374, 383, 384, 393, 402"
A044910,sub n mul INT- 9 mod sub n idiv n 9 n,(n sub (-9 mul ((n sub (n idiv 9)) mod n))),"1, 2, 3, 4, 5, 6, 7, 8, 81, 91, 101, 111, 121, 131, 141, 151, 161, 162, 172, 182, 192, 202, 212, 222, 232, 242, 243, 253, 263, 273, 283, 293, 303, 313, 323, 324, 334, 344, 354, 364, 374, 384, 394, 404, 405, 415, 425, 435, 445, 455"
A045805,add 100 x_0_4,(100 add x_0_4),"51, 57, 93, 99, 151, 157, 193, 199, 251, 257, 293, 299, 351, 357, 393, 399, 451, 457, 493, 499, 551, 557, 593, 599, 651, 657, 693, 699, 751, 757, 793, 799, 851, 857, 893, 899, 951, 957, 993, 999, 1051, 1057, 1093, 1099, 1151, 1157, 1193, 1199, 1251, 1257"
A045803,add x_0_4 100,(x_0_4 add 100),"17, 19, 31, 33, 117, 119, 131, 133, 217, 219, 231, 233, 317, 319, 331, 333, 417, 419, 431, 433, 517, 519, 531, 533, 617, 619, 631, 633, 717, 719, 731, 733, 817, 819, 831, 833, 917, 919, 931, 933, 1017, 1019, 1031, 1033, 1117, 1119, 1131, 1133, 1217, 1219"
A045809,add x_0_4 100,(x_0_4 add 100),"13, 37, 59, 91, 113, 137, 159, 191, 213, 237, 259, 291, 313, 337, 359, 391, 413, 437, 459, 491, 513, 537, 559, 591, 613, 637, 659, 691, 713, 737, 759, 791, 813, 837, 859, 891, 913, 937, 959, 991, 1013, 1037, 1059, 1091, 1113, 1137, 1159, 1191, 1213, 1237"
A045801,add x_0_4 100,(x_0_4 add 100),"11, 39, 73, 77, 111, 139, 173, 177, 211, 239, 273, 277, 311, 339, 373, 377, 411, 439, 473, 477, 511, 539, 573, 577, 611, 639, 673, 677, 711, 739, 773, 777, 811, 839, 873, 877, 911, 939, 973, 977, 1011, 1039, 1073, 1077, 1111, 1139, 1173, 1177, 1211, 1239"
A055264,add 9 x_0_4,(9 add x_0_4),"0, 1, 3, 6, 9, 10, 12, 15, 18, 19, 21, 24, 27, 28, 30, 33, 36, 37, 39, 42, 45, 46, 48, 51, 54, 55, 57, 60, 63, 64, 66, 69, 72, 73, 75, 78, 81, 82, 84, 87, 90, 91, 93, 96, 99, 100, 102, 105, 108, 109, 111, 114, 117, 118, 120, 123, 126, 127, 129, 132, 135, 136, 138, 141"
A049341,sub 9 mod x_0_4 9,(9 sub (x_0_4 mod 9)),"3, 6, 9, 6, 6, 3, 9, 3, 3, 6, 9, 6, 6, 3, 9, 3, 3, 6, 9, 6, 6, 3, 9, 3, 3, 6, 9, 6, 6, 3, 9, 3, 3, 6, 9, 6, 6, 3, 9, 3, 3, 6, 9, 6, 6, 3, 9, 3, 3, 6, 9, 6, 6, 3, 9, 3, 3, 6, 9, 6, 6, 3, 9, 3, 3, 6, 9, 6, 6, 3, 9, 3, 3, 6, 9, 6, 6, 3, 9, 3, 3, 6, 9, 6, 6, 3, 9, 3, 3, 6, 9, 6, 6, 3, 9, 3, 3, 6, 9, 6, 6, 3, 9, 3, 3, 6, 9, 6, 6, 3, 9, 3"
A083652,add 1 sub x_0_1 idiv x_0_2 sub 2 n,(1 add (x_0_1 sub (x_0_2 idiv (2 sub n)))),"1, 2, 4, 6, 9, 12, 15, 18, 22, 26, 30, 34, 38, 42, 46, 50, 55, 60, 65, 70, 75, 80, 85, 90, 95, 100, 105, 110, 115, 120, 125, 130, 136, 142, 148, 154, 160, 166, 172, 178, 184, 190, 196, 202, 208, 214, 220, 226, 232, 238, 244, 250, 256, 262, 268, 274, 280, 286, 292"
A077750,x_0_4,x_0_4,"0, 2, 6, 4, 0, 2, 6, 4, 0, 2, 6, 4, 0, 2, 6, 4, 0, 2, 6, 4, 0, 2, 6, 4, 0, 2, 6, 4, 0, 2, 6, 4, 0, 2, 6, 4, 0, 2, 6, 4, 0, 2, 6, 4, 0, 2, 6, 4, 0, 2, 6, 4, 0, 2, 6, 4, 0, 2, 6, 4, 0, 2, 6, 4, 0, 2, 6, 4, 0, 2, 6, 4, 0, 2, 6, 4, 0, 2, 6, 4, 0, 2, 6, 4, 0, 2, 6, 4, 0, 2, 6, 4, 0, 2, 6, 4, 0, 2, 6, 4, 0, 2, 6, 4, 0"
A082206,add add x_0_3 6 sign x_0_4,((x_0_3 add 6) add sign(x_0_4)),"1, 4, 7, 10, 11, 14, 17, 18, 21, 24, 25, 28, 31, 32, 35, 38, 39, 42, 45, 46, 49, 52, 53, 56, 59, 60, 63, 66, 67, 70, 73, 74, 77, 80, 81, 84, 87, 88, 91, 94, 95, 98, 101, 102, 105, 108, 109, 112, 115, 116, 119, 122, 123, 126, 129, 130, 133, 136, 137, 140, 143, 144"
A055808,sqr idiv mul sqr sub n 1 2 n,(((((n sub 1))**2 mul 2) idiv n))**2,"0, 1, 4, 16, 36, 64, 100, 144, 196, 256, 324, 400, 484, 576, 676, 784, 900, 1024, 1156, 1296, 1444, 1600, 1764, 1936, 2116, 2304, 2500, 2704, 2916, 3136, 3364, 3600, 3844, 4096, 4356, 4624, 4900, 5184, 5476, 5776, 6084, 6400, 6724, 7056, 7396, 7744, 8100"
A061601,mod sub x_0_1 1 INT+ 1 80,((x_0_1 sub 1) mod 90),"9, 8, 7, 6, 5, 4, 3, 2, 1, 0, 89, 88, 87, 86, 85, 84, 83, 82, 81, 80, 79, 78, 77, 76, 75, 74, 73, 72, 71, 70, 69, 68, 67, 66, 65, 64, 63, 62, 61, 60, 59, 58, 57, 56, 55, 54, 53, 52, 51, 50, 49, 48, 47, 46, 45, 44, 43, 42, 41, 40, 39, 38, 37, 36, 35, 34, 33, 32, 31, 30, 29, 28"
A061728,mod add x_0_4 2 INT+ 1 0,((x_0_4 add 2) mod 10),"2, 4, 5, 3, 4, 6, 7, 5, 6, 8, 9, 7, 8, 0, 1, 9, 0, 2, 3, 1, 2, 4, 5, 3, 4, 6, 7, 5, 6, 8, 9, 7, 8, 0, 1, 9, 0, 2, 3, 1, 2, 4, 5, 3, 4, 6, 7, 5, 6, 8, 9, 7, 8, 0, 1, 9, 0, 2, 3, 1, 2, 4, 5, 3, 4, 6, 7, 5, 6, 8, 9, 7, 8, 0, 1, 9, 0, 2, 3, 1, 2, 4, 5, 3, 4, 6, 7, 5, 6, 8, 9, 7, 8, 0, 1, 9, 0, 2, 3, 1, 2, 4, 5, 3, 4"
A063149,add 60 x_0_4,(60 add x_0_4),"25, 35, 55, 65, 85, 95, 115, 125, 145, 155, 175, 185, 205, 215, 235, 245, 265, 275, 295, 305, 325, 335, 355, 365, 385, 395, 415, 425, 445, 455, 475, 485, 505, 515, 535, 545, 565, 575, 595, 605, 625, 635, 655, 665, 685, 695, 715, 725, 745, 755, 775, 785, 805"
A066492,sub n mul INT- 9 mod sub n idiv n INT+ 1 0 n,(n sub (-9 mul ((n sub (n idiv 10)) mod n))),"1, 2, 3, 4, 5, 6, 7, 8, 9, 91, 101, 111, 121, 131, 141, 151, 161, 171, 181, 182, 192, 202, 212, 222, 232, 242, 252, 262, 272, 273, 283, 293, 303, 313, 323, 333, 343, 353, 363, 364, 374, 384, 394, 404, 414, 424, 434, 444, 454, 455, 465, 475, 485, 495, 505, 515"
A067080,add n relu sub mul idiv n add 9 1 n n,(n add relu((((n idiv (9 add 1)) mul n) sub n))),"1, 2, 3, 4, 5, 6, 7, 8, 9, 10, 11, 12, 13, 14, 15, 16, 17, 18, 19, 40, 42, 44, 46, 48, 50, 52, 54, 56, 58, 90, 93, 96, 99, 102, 105, 108, 111, 114, 117, 160, 164, 168, 172, 176, 180, 184, 188, 192, 196, 250, 255, 260, 265, 270, 275, 280, 285, 290, 295, 360, 366, 372"
A048328,add x_0_4 mul sub x_0_2 x_0_4 4,(x_0_4 add ((x_0_2 sub x_0_4) mul 4)),"0, 1, 2, 4, 8, 13, 26, 40, 80, 121, 242, 364, 728, 1093, 2186, 3280, 6560, 9841, 19682, 29524, 59048, 88573, 177146, 265720, 531440, 797161, 1594322, 2391484, 4782968, 7174453, 14348906, 21523360, 43046720, 64570081, 129140162, 193710244, 387420488, 581130733"
A071423,add idiv mul 3 n add 9 1 add x_0_1 1,(((3 mul n) idiv (9 add 1)) add (x_0_1 add 1)),"1, 2, 3, 5, 7, 9, 12, 15, 18, 22, 26, 30, 34, 39, 44, 49, 55, 61, 67, 74, 81, 88, 95, 103, 111, 119, 128, 137, 146, 156, 166, 176, 186, 197, 208, 219, 231, 243, 255, 268, 281, 294, 307, 321, 335, 349, 364, 379, 394, 410, 426, 442, 458, 475, 492, 509, 527, 545"
A072702,add 60 x_0_4,(60 add x_0_4),"9, 12, 18, 51, 69, 72, 78, 111, 129, 132, 138, 171, 189, 192, 198, 231, 249, 252, 258, 291, 309, 312, 318, 351, 369, 372, 378, 411, 429, 432, 438, 471, 489, 492, 498, 531, 549, 552, 558, 591, 609, 612, 618, 651, 669, 672, 678, 711, 729, 732, 738, 771, 789"
A072710,add 60 x_0_4,(60 add x_0_4),"6, 24, 27, 33, 66, 84, 87, 93, 126, 144, 147, 153, 186, 204, 207, 213, 246, 264, 267, 273, 306, 324, 327, 333, 366, 384, 387, 393, 426, 444, 447, 453, 486, 504, 507, 513, 546, 564, 567, 573, 606, 624, 627, 633, 666, 684, 687, 693, 726, 744, 747, 753, 786"
A073636,x_0_3,x_0_3,"1, 8, 9, 1, 8, 9, 1, 8, 9, 1, 8, 9, 1, 8, 9, 1, 8, 9, 1, 8, 9, 1, 8, 9, 1, 8, 9, 1, 8, 9, 1, 8, 9, 1, 8, 9, 1, 8, 9, 1, 8, 9, 1, 8, 9, 1, 8, 9, 1, 8, 9, 1, 8, 9, 1, 8, 9, 1, 8, 9, 1, 8, 9, 1, 8, 9, 1, 8, 9, 1, 8, 9, 1, 8, 9, 1, 8, 9, 1, 8, 9, 1, 8, 9, 1, 8, 9"
A073796,sub mod sub n sub 1 n mul 9 2 n,(((n sub (1 sub n)) mod (9 mul 2)) sub n),"0, 1, 2, 3, 4, 5, 6, 7, 8, -9, -8, -7, -6, -5, -4, -3, -2, -1, -18, -17, -16, -15, -14, -13, -12, -11, -10, -27, -26, -25, -24, -23, -22, -21, -20, -19, -36, -35, -34, -33, -32, -31, -30, -29, -28, -45, -44, -43, -42, -41, -40, -39, -38, -37, -54, -53, -52, -51, -50, -49, -48, -47, -46"
A073835,sub mod sub n sub 1 n mul 4 5 n,(((n sub (1 sub n)) mod (4 mul 5)) sub n),"0, 1, 2, 3, 4, 5, 6, 7, 8, 9, -10, -9, -8, -7, -6, -5, -4, -3, -2, -1, -20, -19, -18, -17, -16, -15, -14, -13, -12, -11, -30, -29, -28, -27, -26, -25, -24, -23, -22, -21, -40, -39, -38, -37, -36, -35, -34, -33, -32, -31, -50, -49, -48, -47, -46, -45, -44, -43, -42, -41, -60"
A080151,add x_0_1 mod add n sub n 1 mul 9 2,(x_0_1 add ((n add (n sub 1)) mod (9 mul 2))),"1, 4, 9, 16, 25, 36, 49, 64, 81, 82, 85, 90, 97, 106, 117, 130, 145, 162, 163, 166, 171, 178, 187, 198, 211, 226, 243, 244, 247, 252, 259, 268, 279, 292, 307, 324, 325, 328, 333, 340, 349, 360, 373, 388, 405, 406, 409, 414, 421, 430, 441, 454, 469, 486, 487"
A082209,x_0_6,x_0_6,"1, 6, 4, 9, 61, 504, 1, 6, 4, 9, 61, 504, 1, 6, 4, 9, 61, 504, 1, 6, 4, 9, 61, 504, 1, 6, 4, 9, 61, 504, 1, 6, 4, 9, 61, 504, 1, 6, 4, 9, 61, 504, 1, 6, 4, 9, 61, 504, 1, 6, 4, 9, 61, 504, 1, 6, 4, 9, 61, 504, 1, 6, 4, 9, 61, 504, 1, 6, 4, 9, 61, 504, 1, 6, 4, 9, 61, 504, 1, 6, 4, 9, 61"
A082799,add x_0_3 sub x_0_3 x_0_6,(x_0_3 add (x_0_3 sub x_0_6)),"12, 21, 3, 42, 51, 6, 72, 81, 9, 102, 111, 12, 132, 141, 15, 162, 171, 18, 192, 201, 21, 222, 231, 24, 252, 261, 27, 282, 291, 30, 312, 321, 33, 342, 351, 36, 372, 381, 39, 402, 411, 42, 432, 441, 45, 462, 471, 48, 492, 501, 51, 522, 531, 54, 552, 561"
A083457,add 9 sign x_0_5,(9 add sign(x_0_5)),"1, 2, 2, 10, 3, 10, 10, 10, 10, 10, 10, 10, 10, 10, 10, 10, 10, 10, 10, 10, 10, 10, 10, 10, 10, 10, 10, 10, 10, 10, 10, 10, 10, 10, 10, 10, 10, 10, 10, 10, 10, 10, 10, 10, 10, 10, 10, 10, 10, 10, 10, 10, 10, 10, 10, 10, 10, 10, 10, 10, 10, 10, 10, 10, 10, 10, 10, 10, 10, 10, 10"
A083456,add 9 sign x_0_5,(9 add sign(x_0_5)),"1, 2, 2, 5, 2, 10, 10, 10, 10, 10, 10, 10, 10, 10, 10, 10, 10, 10, 10, 10, 10, 10, 10, 10, 10, 10, 10, 10, 10, 10, 10, 10, 10, 10, 10, 10, 10, 10, 10, 10, 10, 10, 10, 10, 10, 10, 10, 10, 10, 10, 10, 10, 10, 10, 10, 10, 10, 10, 10, 10, 10, 10, 10, 10, 10, 10, 10, 10, 10, 10, 10"
A084364,add INT+ 1 0 mul 9 add 9 mod n INT- 9,(10 add (9 mul (9 add (n mod -9)))),"19, 28, 37, 46, 55, 64, 73, 82, 91, 19, 28, 37, 46, 55, 64, 73, 82, 91, 19, 28, 37, 46, 55, 64, 73, 82, 91, 19, 28, 37, 46, 55, 64, 73, 82, 91, 19, 28, 37, 46, 55, 64, 73, 82, 91, 19, 28, 37, 46, 55, 64, 73, 82, 91, 19, 28, 37, 46, 55, 64, 73, 82, 91, 19, 28, 37, 46, 55, 64"
A086358,add 8 sign x_0_6,(8 add sign(x_0_6)),"1, 1, 2, 6, 6, 3, 9, 9, 9, 9, 9, 9, 9, 9, 9, 9, 9, 9, 9, 9, 9, 9, 9, 9, 9, 9, 9, 9, 9, 9, 9, 9, 9, 9, 9, 9, 9, 9, 9, 9, 9, 9, 9, 9, 9, 9, 9, 9, 9, 9, 9, 9, 9, 9, 9, 9, 9, 9, 9, 9, 9, 9, 9, 9, 9, 9, 9, 9, 9, 9, 9, 9, 9, 9, 9, 9, 9, 9, 9, 9, 9, 9, 9, 9, 9, 9, 9, 9, 9, 9, 9, 9, 9, 9, 9, 9, 9, 9, 9, 9, 9, 9, 9, 9, 9, 9"
A088648,add 9 add x_0_1 sign x_0_6,(9 add (x_0_1 add sign(x_0_6))),"1, 5, 11, 15, 19, 25, 35, 45, 55, 65, 75, 85, 95, 105, 115, 125, 135, 145, 155, 165, 175, 185, 195, 205, 215, 225, 235, 245, 255, 265, 275, 285, 295, 305, 315, 325, 335, 345, 355, 365, 375, 385, 395, 405, 415, 425, 435, 445, 455, 465, 475, 485, 495, 505, 515"
A083819,sub x_0_6 x_0_6,(x_0_6 sub x_0_6),"1, 36, 27, 15, 18, 11385, 0, 0, 0, 0, 0, 0, 0, 0, 0, 0, 0, 0, 0, 0, 0, 0, 0, 0, 0, 0, 0, 0, 0, 0, 0, 0, 0, 0, 0, 0, 0, 0, 0, 0, 0, 0, 0, 0, 0, 0, 0, 0, 0, 0, 0, 0, 0, 0, 0, 0, 0, 0, 0, 0, 0, 0, 0, 0, 0, 0, 0, 0, 0, 0, 0, 0, 0, 0, 0, 0, 0, 0, 0, 0, 0, 0, 0, 0, 0, 0, 0, 0, 0, 0, 0, 0, 0, 0, 0, 0, 0, 0, 0, 0"
A061100,sqr idiv sub mul 9 n 4 2,((((9 mul n) sub 4) idiv 2))**2,"4, 49, 121, 256, 400, 625, 841, 1156, 1444, 1849, 2209, 2704, 3136, 3721, 4225, 4900, 5476, 6241, 6889, 7744, 8464, 9409, 10201, 11236, 12100, 13225, 14161, 15376, 16384, 17689, 18769, 20164, 21316, 22801, 24025, 25600, 26896, 28561, 29929"
A070876,add x_0_2 x_0_2,(x_0_2 add x_0_2),"9, 15, 18, 30, 36, 60, 72, 120, 144, 240, 288, 480, 576, 960, 1152, 1920, 2304, 3840, 4608, 7680, 9216, 15360, 18432, 30720, 36864, 61440, 73728, 122880, 147456, 245760, 294912, 491520, 589824, 983040, 1179648, 1966080, 2359296, 3932160"
A034126,mul sub sqr add n 1 n add 2 n,((((n add 1))**2 sub n) mul (2 add n)),"9, 28, 65, 126, 217, 344, 513, 730, 1001, 1332, 1729, 2198, 2745, 3376, 4097, 4914, 5833, 6860, 8001, 9262, 10649, 12168, 13825, 15626, 17577, 19684, 21953, 24390, 27001, 29792, 32769, 35938, 39305, 42876, 46657, 50654, 54873, 59320, 64001"
A033082,add mul x_0_3 4 mod x_0_6 4,((x_0_3 mul 4) add (x_0_6 mod 4)),"1, 2, 3, 7, 8, 13, 29, 34, 55, 119, 136, 221, 477, 546, 887, 1911, 2184, 3549, 7645, 8738, 14199, 30583, 34952, 56797, 122333, 139810, 227191, 489335, 559240, 908765, 1957341, 2236962, 3635063, 7829367, 8947848, 14540253, 31317469, 35791394, 58161015"
A048329,add x_0_3 mul 4 sub x_0_3 x_0_6,(x_0_3 add (4 mul (x_0_3 sub x_0_6))),"0, 1, 2, 3, 5, 10, 15, 21, 42, 63, 85, 170, 255, 341, 682, 1023, 1365, 2730, 4095, 5461, 10922, 16383, 21845, 43690, 65535, 87381, 174762, 262143, 349525, 699050, 1048575, 1398101, 2796202, 4194303, 5592405, 11184810, 16777215, 22369621, 44739242, 67108863"
A037078,add mul x_0_2 3 mod x_0_3 3,((x_0_2 mul 3) add (x_0_3 mod 3)),"0, 1, 2, 3, 7, 11, 21, 34, 65, 102, 196, 308, 588, 925, 1766, 2775, 5299, 8327, 15897, 24982, 47693, 74946, 143080, 224840, 429240, 674521, 1287722, 2023563, 3863167, 6070691, 11589501, 18212074, 34768505, 54636222, 104305516, 163908668"
A037079,add mul x_0_2 3 mod sub n x_0_1 3,((x_0_2 mul 3) add ((n sub x_0_1) mod 3)),"0, 1, 2, 5, 6, 15, 19, 46, 59, 140, 177, 420, 532, 1261, 1598, 3785, 4794, 11355, 14383, 34066, 43151, 102200, 129453, 306600, 388360, 919801, 1165082, 2759405, 3495246, 8278215, 10485739, 24834646, 31457219, 74503940, 94371657"
A067866,add sub x_0_1 x_0_2 x_0_1,((x_0_1 sub x_0_2) add x_0_1),"736, 1736, 2736, 3736, 4736, 5736, 6736, 7736, 8736, 9736, 10736, 11736, 12736, 13736, 14736, 15736, 16736, 17736, 18736, 19736, 20736, 21736, 22736, 23736, 24736, 25736, 26736, 27736, 28736, 29736, 30736, 31736, 32736, 33736, 34736"
A090568,add 9 sign x_0_5,(9 add sign(x_0_5)),"1, 2, 4, 3, 7, 10, 10, 10, 10, 10, 10, 10, 10, 10, 10, 10, 10, 10, 10, 10, 10, 10, 10, 10, 10, 10, 10, 10, 10, 10, 10, 10, 10, 10, 10, 10, 10, 10, 10, 10, 10, 10, 10, 10, 10, 10, 10, 10, 10, 10, 10, 10, 10, 10, 10, 10, 10, 10, 10, 10, 10, 10, 10, 10, 10, 10, 10, 10, 10, 10, 10"
A091720,x_0_3,x_0_3,"8, 34, 17, 8, 34, 17, 8, 34, 17, 8, 34, 17, 8, 34, 17, 8, 34, 17, 8, 34, 17, 8, 34, 17, 8, 34, 17, 8, 34, 17, 8, 34, 17, 8, 34, 17, 8, 34, 17, 8, 34, 17, 8, 34, 17, 8, 34, 17, 8, 34, 17, 8, 34, 17, 8, 34, 17, 8, 34, 17, 8, 34, 17, 8, 34, 17, 8, 34, 17, 8, 34, 17, 8, 34, 17, 8, 34, 17"
A091722,x_0_4,x_0_4,"4, 36, 55, 23, 4, 36, 55, 23, 4, 36, 55, 23, 4, 36, 55, 23, 4, 36, 55, 23, 4, 36, 55, 23, 4, 36, 55, 23, 4, 36, 55, 23, 4, 36, 55, 23, 4, 36, 55, 23, 4, 36, 55, 23, 4, 36, 55, 23, 4, 36, 55, 23, 4, 36, 55, 23, 4, 36, 55, 23, 4, 36, 55, 23, 4, 36, 55, 23, 4, 36, 55, 23, 4, 36, 55"
A091721,x_0_5,x_0_5,"5, 27, 16, 21, 49, 5, 27, 16, 21, 49, 5, 27, 16, 21, 49, 5, 27, 16, 21, 49, 5, 27, 16, 21, 49, 5, 27, 16, 21, 49, 5, 27, 16, 21, 49, 5, 27, 16, 21, 49, 5, 27, 16, 21, 49, 5, 27, 16, 21, 49, 5, 27, 16, 21, 49, 5, 27, 16, 21, 49, 5, 27, 16, 21, 49, 5, 27, 16, 21, 49, 5, 27, 16, 21"
A063462,mul mod sub n 1 INT+ 1 0 sub n 1,(((n sub 1) mod 10) mul (n sub 1)),"0, 1, 4, 9, 16, 25, 36, 49, 64, 81, 0, 11, 24, 39, 56, 75, 96, 119, 144, 171, 0, 21, 44, 69, 96, 125, 156, 189, 224, 261, 0, 31, 64, 99, 136, 175, 216, 259, 304, 351, 0, 41, 84, 129, 176, 225, 276, 329, 384, 441, 0, 51, 104, 159, 216, 275, 336, 399, 464, 531, 0, 61, 124"
A043288,add 1 relu sub x_0_2 mod n add 7 8,(1 add relu((x_0_2 sub (n mod (7 add 8))))),"1, 1, 1, 1, 1, 1, 1, 1, 1, 1, 1, 1, 1, 1, 2, 1, 1, 1, 1, 1, 1, 1, 1, 1, 1, 1, 1, 1, 1, 2, 1, 1, 1, 1, 1, 1, 1, 1, 1, 1, 1, 1, 1, 1, 2, 1, 1, 1, 1, 1, 1, 1, 1, 1, 1, 1, 1, 1, 1, 2, 1, 1, 1, 1, 1, 1, 1, 1, 1, 1, 1, 1, 1, 1, 2, 1, 1, 1, 1, 1, 1, 1, 1, 1, 1, 1, 1, 1, 1, 2, 1, 1, 1, 1, 1, 1, 1, 1, 1, 1, 1, 1, 1, 1, 2, 1, 1, 1, 1, 1, 1, 1, 1, 1, 1, 1, 1, 1, 1, 2"
A090567,x_0_6,x_0_6,"16, 64, 49, 961, 61504, 5041, 16, 64, 49, 961, 61504, 5041, 16, 64, 49, 961, 61504, 5041, 16, 64, 49, 961, 61504, 5041, 16, 64, 49, 961, 61504, 5041, 16, 64, 49, 961, 61504, 5041, 16, 64, 49, 961, 61504, 5041, 16, 64, 49, 961, 61504, 5041, 16, 64, 49"
A037860,relu sub idiv n INT+ 1 0 mod n INT+ 1 0,relu(((n idiv 10) sub (n mod 10))),"0, 0, 0, 0, 0, 0, 0, 0, 0, 1, 0, 0, 0, 0, 0, 0, 0, 0, 0, 2, 1, 0, 0, 0, 0, 0, 0, 0, 0, 3, 2, 1, 0, 0, 0, 0, 0, 0, 0, 4, 3, 2, 1, 0, 0, 0, 0, 0, 0, 5, 4, 3, 2, 1, 0, 0, 0, 0, 0, 6, 5, 4, 3, 2, 1, 0, 0, 0, 0, 7, 6, 5, 4, 3, 2, 1, 0, 0, 0, 8, 7, 6, 5, 4, 3, 2, 1, 0, 0, 9"
A073795,sub mod sub n sub 1 n mul 8 2 n,(((n sub (1 sub n)) mod (8 mul 2)) sub n),"0, 1, 2, 3, 4, 5, 6, 7, -8, -7, -6, -5, -4, -3, -2, -1, -16, -15, -14, -13, -12, -11, -10, -9, -24, -23, -22, -21, -20, -19, -18, -17, -32, -31, -30, -29, -28, -27, -26, -25, -40, -39, -38, -37, -36, -35, -34, -33, -48, -47, -46, -45, -44, -43, -42, -41, -56, -55, -54, -53, -52, -51, -50, -49"
A037824,relu sub idiv n INT+ 9 idiv n INT+ 1 0,relu(((n idiv 9) sub (n idiv 10))),"0, 0, 0, 0, 0, 0, 0, 0, 1, 0, 0, 0, 0, 0, 0, 0, 0, 1, 1, 0, 0, 0, 0, 0, 0, 0, 1, 1, 1, 0, 0, 0, 0, 0, 0, 1, 1, 1, 1, 0, 0, 0, 0, 0, 1, 1, 1, 1, 1, 0, 0, 0, 0, 1, 1, 1, 1, 1, 1, 0, 0, 0, 1, 1, 1, 1, 1, 1, 1, 0, 0, 1, 1, 1, 1, 1, 1, 1, 1, 0, 1, 1, 1, 1, 1, 1, 1, 1, 1, 1"
A043529,add 1 relu sign mod n mod sqr 8 n,(1 add relu(sign((n mod ((8)**2 mod n))))),"1, 1, 2, 1, 2, 2, 2, 1, 2, 2, 2, 2, 2, 2, 2, 1, 2, 2, 2, 2, 2, 2, 2, 2, 2, 2, 2, 2, 2, 2, 2, 1, 2, 2, 2, 2, 2, 2, 2, 2, 2, 2, 2, 2, 2, 2, 2, 2, 2, 2, 2, 2, 2, 2, 2, 2, 2, 2, 2, 2, 2, 2, 2, 1, 2, 2, 2, 2, 2, 2, 2, 2, 2, 2, 2, 2, 2, 2, 2, 2, 2, 2, 2, 2, 2, 2, 2, 2, 2, 2, 2"
A034114,add sqr add n 2 idiv add n sub n 1 INT- 5,(((n add 2))**2 add ((n add (n sub 1)) idiv -5)),"8, 15, 24, 34, 47, 61, 78, 97, 117, 140, 164, 191, 220, 250, 283, 317, 354, 393, 433, 476, 520, 567, 616, 666, 719, 773, 830, 889, 949, 1012, 1076, 1143, 1212, 1282, 1355, 1429, 1506, 1585, 1665, 1748, 1832, 1919, 2008, 2098, 2191, 2285, 2382, 2481, 2581"
A034107,sub sqr sub INT- 2 n idiv sub n INT- 3 INT- 5,(((-2 sub n))**2 sub ((n sub -3) idiv -5)),"10, 17, 27, 38, 51, 66, 83, 103, 124, 147, 172, 199, 229, 260, 293, 328, 365, 405, 446, 489, 534, 581, 631, 682, 735, 790, 847, 907, 968, 1031, 1096, 1163, 1233, 1304, 1377, 1452, 1529, 1609, 1690, 1773, 1858, 1945, 2035, 2126, 2219, 2314, 2411, 2511, 2612"
A043675,add sqr 4 add n idiv add INT- 2 n sqr 4,((4)**2 add (n add ((-2 add n) idiv (4)**2))),"16, 18, 19, 20, 21, 22, 23, 24, 25, 26, 27, 28, 29, 30, 31, 32, 33, 35, 36, 37, 38, 39, 40, 41, 42, 43, 44, 45, 46, 47, 48, 49, 50, 52, 53, 54, 55, 56, 57, 58, 59, 60, 61, 62, 63, 64, 65, 66, 67, 69, 70, 71, 72, 73, 74, 75, 76, 77, 78, 79"
A044836,mul add n mul INT+ 1 0 mul mod idiv n INT+ 1 0 n 9 add INT+ 1 0 sign n,((n add (10 mul (((n idiv 10) mod n) mul 9))) mul (10 add sign(n))),"11, 22, 33, 44, 55, 66, 77, 88, 99, 1100, 1111, 1122, 1133, 1144, 1155, 1166, 1177, 1188, 1199, 2200, 2211, 2222, 2233, 2244, 2255, 2266, 2277, 2288, 2299, 3300, 3311, 3322, 3333, 3344, 3355, 3366, 3377, 3388, 3399, 4400"
A044835,mul INT+ 1 0 add mul sub n mod n INT+ 9 INT+ 8 n,(10 mul (((n sub (n mod 9)) mul 8) add n)),"10, 20, 30, 40, 50, 60, 70, 80, 810, 820, 830, 840, 850, 860, 870, 880, 890, 1620, 1630, 1640, 1650, 1660, 1670, 1680, 1690, 1700, 2430, 2440, 2450, 2460, 2470, 2480, 2490, 2500, 2510, 3240, 3250, 3260, 3270, 3280, 3290"
A044833,mul INT+ 8 add mul 6 sub n mod n INT+ 7 n,(8 mul ((6 mul (n sub (n mod 7))) add n)),"8, 16, 24, 32, 40, 48, 392, 400, 408, 416, 424, 432, 440, 784, 792, 800, 808, 816, 824, 832, 1176, 1184, 1192, 1200, 1208, 1216, 1224, 1568, 1576, 1584, 1592, 1600, 1608, 1616, 1960, 1968, 1976, 1984, 1992, 2000, 2008, 2352"
A044834,mul 9 add mul 7 sub n mod n 8 n,(9 mul ((7 mul (n sub (n mod 8))) add n)),"9, 18, 27, 36, 45, 54, 63, 576, 585, 594, 603, 612, 621, 630, 639, 1152, 1161, 1170, 1179, 1188, 1197, 1206, 1215, 1728, 1737, 1746, 1755, 1764, 1773, 1782, 1791, 2304, 2313, 2322, 2331, 2340, 2349, 2358, 2367, 2880, 2889"
A074867,add mod x_0_2 INT+ 1 0 mod x_0_1 INT+ 1 0,((x_0_2 mod 10) add (x_0_1 mod 10)),"1, 1, 2, 3, 5, 8, 13, 11, 4, 5, 9, 14, 13, 7, 10, 7, 7, 14, 11, 5, 6, 11, 7, 8, 15, 13, 8, 11, 9, 10, 9, 9, 18, 17, 15, 12, 7, 9, 16, 15, 11, 6, 7, 13, 10, 3, 3, 6, 9, 15, 14, 9, 13, 12, 5, 7, 12, 9, 11, 10, 1, 1, 2, 3, 5, 8, 13, 11, 4, 5, 9, 14, 13, 7, 10, 7, 7, 14, 11, 5, 6, 11, 7, 8, 15, 13"
A089186,sub 1 mod sub n 9 INT- 1 80,(1 sub ((n sub 9) mod -90)),"9, 8, 7, 6, 5, 4, 3, 2, 1, 90, 89, 88, 87, 86, 85, 84, 83, 82, 81, 80, 79, 78, 77, 76, 75, 74, 73, 72, 71, 70, 69, 68, 67, 66, 65, 64, 63, 62, 61, 60, 59, 58, 57, 56, 55, 54, 53, 52, 51, 50, 49, 48, 47, 46, 45, 44, 43, 42, 41, 40, 39, 38, 37, 36, 35, 34, 33, 32, 31, 30, 29, 28"
A044632,add mul sqr 9 n mul 8 relu sign mod n INT- 9,(((9)**2 mul n) add (8 mul relu(sign((n mod -9))))),"81, 162, 243, 324, 405, 486, 567, 648, 737, 810, 891, 972, 1053, 1134, 1215, 1296, 1377, 1466, 1539, 1620, 1701, 1782, 1863, 1944, 2025, 2106, 2195, 2268, 2349, 2430, 2511, 2592, 2673, 2754, 2835, 2924, 2997, 3078, 3159"
A044911,sub n mul INT- 1 0 mod sub n idiv n INT+ 1 0 n,(n sub (-10 mul ((n sub (n idiv 10)) mod n))),"1, 2, 3, 4, 5, 6, 7, 8, 9, 100, 111, 122, 133, 144, 155, 166, 177, 188, 199, 200, 211, 222, 233, 244, 255, 266, 277, 288, 299, 300, 311, 322, 333, 344, 355, 366, 377, 388, 399, 400, 411, 422, 433, 444, 455, 466, 477, 488, 499, 500"
A082804,sub n mod mod n INT+ 9 sub mul n INT- 9 INT+ 9,(n sub ((n mod 9) mod ((n mul -9) sub 9))),"18, 27, 36, 45, 54, 63, 72, 81, 9, 108, 117, 126, 135, 144, 153, 162, 171, 18, 198, 207, 216, 225, 234, 243, 252, 261, 27, 288, 297, 306, 315, 324, 333, 342, 351, 36, 378, 387, 396, 405, 414, 423, 432, 441, 45, 468, 477, 486, 495, 504, 513, 522, 531, 54, 558, 567"
A070635,mod n add mul idiv n INT+ 1 0 INT- 9 n,(n mod (((n idiv 10) mul -9) add n)),"0, 0, 0, 0, 0, 0, 0, 0, 0, 0, 1, 0, 1, 4, 3, 2, 1, 0, 9, 0, 0, 2, 3, 0, 4, 2, 0, 8, 7, 0, 3, 2, 3, 6, 3, 0, 7, 5, 3, 0, 1, 0, 1, 4, 0, 6, 3, 0, 10, 0, 3, 3, 5, 0, 5, 1, 9, 6, 3, 0, 5, 6, 0, 4, 10, 6, 2, 12, 9, 0, 7, 0, 3, 8, 3, 11, 7, 3, 15, 0, 0, 2, 6, 0, 7, 2, 12, 8"
A039265,add mul 2 idiv add n 2 INT+ 1 0 sub n 1,((2 mul ((n add 2) idiv 10)) add (n sub 1)),"0, 1, 2, 3, 4, 5, 6, 9, 10, 11, 12, 13, 14, 15, 16, 17, 18, 21, 22, 23, 24, 25, 26, 27, 28, 29, 30, 33, 34, 35, 36, 37, 38, 39, 40, 41, 42, 45, 46, 47, 48, 49, 50, 51, 52, 53, 54, 57, 58, 59, 60, 61, 62, 63, 64, 65, 66, 69, 70, 71, 72, 73, 74, 75, 76, 77, 78, 81, 82, 83"
A032613,add INT+ 8 add n mul INT+ 1 0 mul mod n x_0_2 INT+ 1 0,(8 add (n add (10 mul ((n mod x_0_2) mul 10)))),"19, 210, 311, 412, 513, 614, 715, 816, 917, 1018, 1119, 1220, 1321, 1422, 1523, 1624, 1725, 1826, 1927, 2028, 2129, 2230, 2331, 2432, 2533, 2634, 2735, 2836, 2937, 3038, 3139, 3240, 3341, 3442, 3543, 3644, 3745, 3846, 3947, 4048, 4149"
A071273,mul add n mul INT+ 1 0 mul mod mod n INT+ 1 0 n INT+ 9 add INT+ 1 0 sign n,((n add (10 mul (((n mod 10) mod n) mul 9))) mul (10 add sign(n))),"11, 22, 33, 44, 55, 66, 77, 88, 99, 110, 1111, 2112, 3113, 4114, 5115, 6116, 7117, 8118, 9119, 220, 1221, 2222, 3223, 4224, 5225, 6226, 7227, 8228, 9229, 330, 1331, 2332, 3333, 4334, 5335, 6336"
A079946,sub mul n 6 mod sub INT- 2 x_0_1 add n n,((n mul 6) sub ((-2 sub x_0_1) mod (n add n))),"6, 12, 14, 24, 26, 28, 30, 48, 50, 52, 54, 56, 58, 60, 62, 96, 98, 100, 102, 104, 106, 108, 110, 112, 114, 116, 118, 120, 122, 124, 126, 192, 194, 196, 198, 200, 202, 204, 206, 208, 210, 212, 214, 216, 218, 220, 222, 224, 226, 228, 230, 232, 234, 236, 238, 240, 242, 244, 246"
A071274,mul add n mul INT+ 1 0 mul mod mod mod mod mod mod mod mod mod mod n INT+ 1 0 n INT+ 1 0 n INT+ 1 0 n INT+ 1 0 n INT+ 1 0 n INT+ 9 sign 0,((n add (10 mul (((((((((((n mod 10) mod n) mod 10) mod n) mod 10) mod n) mod 10) mod n) mod 10) mod n) mul 9))) mul sign(0)),"1, 2, 3, 4, 5, 6, 7, 8, 9, 10, 101, 192, 283, 374, 465, 556, 647, 738, 829, 20, 111, 202, 293, 384, 475, 566, 657, 748, 839, 30, 121, 212, 303, 394, 485, 576, 667, 758, 849, 40, 131, 222, 313, 404, 495, 586, 677, 768, 859, 50, 141, 232, 323, 414, 505, 596, 687, 778"
A039269,add mul 2 idiv add n INT- 9 INT+ 1 0 add n 1,((2 mul ((n add -9) idiv 10)) add (n add 1)),"0, 1, 2, 3, 4, 5, 6, 7, 10, 11, 12, 13, 14, 15, 16, 17, 18, 19, 22, 23, 24, 25, 26, 27, 28, 29, 30, 31, 34, 35, 36, 37, 38, 39, 40, 41, 42, 43, 46, 47, 48, 49, 50, 51, 52, 53, 54, 55, 58, 59, 60, 61, 62, 63, 64, 65, 66, 67, 70, 71, 72, 73, 74, 75, 76, 77, 78, 79, 82, 83"
A067079,mul mod sign sub INT+ 1 0 n n mod sub n 1 INT+ 1 0,((sign((10 sub n)) mod n) mul ((n sub 1) mod 10)),"0, 1, 2, 3, 4, 5, 6, 7, 8, 9, 0, 11, 24, 39, 56, 75, 96, 119, 144, 171, 0, 21, 44, 69, 96, 125, 156, 189, 224, 261, 0, 31, 64, 99, 136, 175, 216, 259, 304, 351, 0, 41, 84, 129, 176, 225, 276, 329, 384, 441, 0, 51, 104, 159, 216, 275, 336, 399, 464, 531, 0, 61, 124, 189"
A039266,add x_0_1 sub idiv mod n INT+ 1 0 INT+ 8 INT- 1,(x_0_1 add (((n mod 10) idiv 8) sub -1)),"0, 1, 2, 3, 4, 5, 6, 8, 10, 11, 12, 13, 14, 15, 16, 17, 18, 20, 22, 23, 24, 25, 26, 27, 28, 29, 30, 32, 34, 35, 36, 37, 38, 39, 40, 41, 42, 44, 46, 47, 48, 49, 50, 51, 52, 53, 54, 56, 58, 59, 60, 61, 62, 63, 64, 65, 66, 68, 70, 71, 72, 73, 74, 75, 76, 77, 78, 80"
A039164,add sub idiv n INT+ 9 INT+ 1 sub n idiv n INT- 9,(((n idiv 9) sub 1) add (n sub (n idiv -9))),"1, 2, 3, 4, 5, 6, 7, 8, 10, 12, 13, 14, 15, 16, 17, 18, 19, 21, 23, 24, 25, 26, 27, 28, 29, 30, 32, 34, 35, 36, 37, 38, 39, 40, 41, 43, 45, 46, 47, 48, 49, 50, 51, 52, 54, 56, 57, 58, 59, 60, 61, 62, 63, 65, 67, 68, 69, 70, 71, 72, 73, 74, 76, 78, 79, 80, 81, 82, 83, 84"
