A042964,add x_0_2 4,(x_0_2 add 4),"2, 3, 6, 7, 10, 11, 14, 15, 18, 19, 22, 23, 26, 27, 30, 31, 34, 35, 38, 39, 42, 43, 46, 47, 50, 51, 54, 55, 58, 59, 62, 63, 66, 67, 70"
A358846,x_0_5,x_0_5,"0, 1, 0, 1, 0, 0, 1, 0, 1, 0, 0, 1, 0, 1, 0, 0, 1, 0, 1, 0, 0, 1, 0, 1, 0, 0, 1, 0, 1, 0, 0, 1, 0, 1, 0"
A000012,1,1,"1, 1, 1, 1, 1, 1, 1, 1, 1, 1, 1, 1, 1, 1, 1, 1, 1, 1, 1, 1, 1, 1, 1, 1, 1, 1, 1, 1, 1, 1, 1, 1, 1, 1, 1"
A119432,mul 2 n,(2 mul n),"2, 4, 6, 8, 10, 12, 14, 16, 18, 20, 22, 24, 26, 28, 30, 32, 34, 36, 38, 40, 42, 44, 46, 48, 50, 52, 54, 56, 58, 60, 62, 64, 66, 68, 70"
A000027,n,n,"1, 2, 3, 4, 5, 6, 7, 8, 9, 10, 11, 12, 13, 14, 15, 16, 17, 18, 19, 20, 21, 22, 23, 24, 25, 26, 27, 28, 29, 30, 31, 32, 33, 34, 35"
A001477,sub n 1,(n sub 1),"0, 1, 2, 3, 4, 5, 6, 7, 8, 9, 10, 11, 12, 13, 14, 15, 16, 17, 18, 19, 20, 21, 22, 23, 24, 25, 26, 27, 28, 29, 30, 31, 32, 33, 34"
A001651,add 3 x_0_2,(3 add x_0_2),"1, 2, 4, 5, 7, 8, 10, 11, 13, 14, 16, 17, 19, 20, 22, 23, 25, 26, 28, 29, 31, 32, 34, 35, 37, 38, 40, 41, 43, 44, 46, 47, 49, 50, 52"
A036452,add 1 sign x_0_1,(1 add sign(x_0_1)),"1, 2, 2, 2, 2, 2, 2, 2, 2, 2, 2, 2, 2, 2, 2, 2, 2, 2, 2, 2, 2, 2, 2, 2, 2, 2, 2, 2, 2, 2, 2, 2, 2, 2, 2"
A093700,idiv mul 49 n 64,((49 mul n) idiv 64),"0, 1, 2, 3, 3, 4, 5, 6, 6, 7, 8, 9, 9, 10, 11, 12, 13, 13, 14, 15, 16, 16, 17, 18, 19, 19, 20, 21, 22, 22, 23, 24, 25, 26, 26"
A297034,sign x_0_5,sign(x_0_5),"0, 0, 0, 0, 0, 1, 1, 1, 1, 1, 1, 1, 1, 1, 1, 1, 1, 1, 1, 1, 1, 1, 1, 1, 1, 1, 1, 1, 1, 1, 1, 1, 1, 1, 1"
A132272,abs idiv n INT- 1 0,abs((n idiv -10)),"1, 1, 1, 1, 1, 1, 1, 1, 1, 1, 2, 2, 2, 2, 2, 2, 2, 2, 2, 2, 3, 3, 3, 3, 3, 3, 3, 3, 3, 3, 4, 4, 4, 4, 4"
A094496,idiv x_0_3 2,(x_0_3 idiv 2),"1, 1, 1, 0, 0, 0, 0, 0, 0, 0, 0, 0, 0, 0, 0, 0, 0, 0, 0, 0, 0, 0, 0, 0, 0, 0, 0, 0, 0, 0, 0, 0, 0, 0, 0"
A097876,abs idiv n INT- 1 6,abs((n idiv -16)),"1, 1, 1, 1, 1, 1, 1, 1, 1, 1, 1, 1, 1, 1, 1, 1, 2, 2, 2, 2, 2, 2, 2, 2, 2, 2, 2, 2, 2, 2, 2, 2, 3, 3, 3"
A000201,idiv mul 110 n 68,((110 mul n) idiv 68),"1, 3, 4, 6, 8, 9, 11, 12, 14, 16, 17, 19, 21, 22, 24, 25, 27, 29, 30, 32, 33, 35, 37, 38, 40, 42, 43, 45, 46, 48, 50, 51, 53, 55, 56"
A000217,add x_0_1 sub n 1,(x_0_1 add (n sub 1)),"0, 1, 3, 6, 10, 15, 21, 28, 36, 45, 55, 66, 78, 91, 105, 120, 136, 153, 171, 190, 210, 231, 253, 276, 300, 325, 351, 378, 406, 435, 465, 496, 528, 561, 595"
A078315,sign x_0_4,sign(x_0_4),"1, 1, 1, 2, 1, 1, 1, 1, 1, 1, 1, 1, 1, 1, 1, 1, 1, 1, 1, 1, 1, 1, 1, 1, 1, 1, 1, 1, 1, 1, 1, 1, 1, 1, 1"
A063759,idiv mul x_0_2 2 sign x_0_3,((x_0_2 mul 2) idiv sign(x_0_3)),"1, 3, 4, 6, 8, 12, 16, 24, 32, 48, 64, 96, 128, 192, 256, 384, 512, 768, 1024, 1536, 2048, 3072, 4096, 6144, 8192, 12288, 16384, 24576, 32768, 49152, 65536, 98304, 131072, 196608, 262144"
A338331,add n idiv mul 6 n 123,(n add ((6 mul n) idiv 123)),"1, 2, 3, 4, 5, 6, 7, 8, 9, 10, 11, 12, 13, 14, 15, 16, 17, 18, 19, 20, 22, 23, 24, 25, 26, 27, 28, 29, 30, 31, 32, 33, 34, 35, 36"
A029923,idiv mul 37 n 81,((37 mul n) idiv 81),"0, 0, 1, 1, 2, 2, 3, 3, 4, 4, 5, 5, 5, 6, 6, 7, 7, 8, 8, 9, 9, 10, 10, 10, 11, 11, 12, 12, 13, 13, 14, 14, 15, 15, 15"
A357875,idiv mul 49 n 47,((49 mul n) idiv 47),"1, 2, 3, 4, 5, 6, 7, 8, 9, 10, 11, 12, 13, 14, 15, 16, 17, 18, 19, 20, 21, 22, 23, 25, 26, 27, 28, 29, 30, 31, 32, 33, 34, 35, 36"
A054896,idiv sub n 1 7,((n sub 1) idiv 7),"0, 0, 0, 0, 0, 0, 0, 1, 1, 1, 1, 1, 1, 1, 2, 2, 2, 2, 2, 2, 2, 3, 3, 3, 3, 3, 3, 3, 4, 4, 4, 4, 4, 4, 4"
A279759,idiv add 49 n 35,((49 add n) idiv 35),"1, 1, 1, 1, 1, 1, 1, 1, 1, 1, 1, 1, 1, 1, 1, 1, 1, 1, 1, 1, 2, 2, 2, 2, 2, 2, 2, 2, 2, 2, 2, 2, 2, 2, 2"
A279758,abs idiv n INT- 1 2,abs((n idiv -12)),"1, 1, 1, 1, 1, 1, 1, 1, 1, 1, 1, 1, 2, 2, 2, 2, 2, 2, 2, 2, 2, 2, 2, 2, 3, 3, 3, 3, 3, 3, 3, 3, 3, 3, 3"
A322554,add n idiv n 35,(n add (n idiv 35)),"1, 2, 3, 4, 5, 6, 7, 8, 9, 10, 11, 12, 13, 14, 15, 16, 17, 18, 19, 20, 21, 22, 23, 24, 25, 26, 27, 28, 29, 30, 31, 32, 33, 34, 36"
A093618,add n idiv mul 7 n 126,(n add ((7 mul n) idiv 126)),"1, 2, 3, 4, 5, 6, 7, 8, 9, 10, 11, 12, 13, 14, 15, 16, 17, 19, 20, 21, 22, 23, 24, 25, 26, 27, 28, 29, 30, 31, 32, 33, 34, 35, 36"
A013938,idiv mul 50 n 47,((50 mul n) idiv 47),"1, 2, 3, 4, 5, 6, 7, 8, 9, 10, 11, 12, 13, 14, 15, 17, 18, 19, 20, 21, 22, 23, 24, 25, 26, 27, 28, 29, 30, 31, 32, 34, 35, 36, 37"
A052382,idiv mul sqr 9 n 73,(((9)**2 mul n) idiv 73),"1, 2, 3, 4, 5, 6, 7, 8, 9, 11, 12, 13, 14, 15, 16, 17, 18, 19, 21, 22, 23, 24, 25, 26, 27, 28, 29, 31, 32, 33, 34, 35, 36, 37, 38"
A020658,add x_0_6 7,(x_0_6 add 7),"1, 2, 3, 4, 5, 6, 8, 9, 10, 11, 12, 13, 15, 16, 17, 18, 19, 20, 22, 23, 24, 25, 26, 27, 29, 30, 31, 32, 33, 34, 36, 37, 38, 39, 40"
A339276,add 1 sign x_0_5,(1 add sign(x_0_5)),"1, 1, 1, 1, 1, 2, 2, 2, 2, 2, 2, 2, 2, 2, 2, 2, 2, 2, 2, 2, 2, 2, 2, 2, 2, 2, 2, 2, 2, 2, 2, 2, 2, 2, 2"
A037477,idiv mul sub n 1 9 8,(((n sub 1) mul 9) idiv 8),"0, 1, 2, 3, 4, 5, 6, 7, 9, 10, 11, 12, 13, 14, 15, 16, 18, 19, 20, 21, 22, 23, 24, 25, 27, 28, 29, 30, 31, 32, 33, 34, 36, 37, 38"
A020657,add x_0_6 7,(x_0_6 add 7),"0, 1, 2, 3, 4, 5, 7, 8, 9, 10, 11, 12, 14, 15, 16, 17, 18, 19, 21, 22, 23, 24, 25, 26, 28, 29, 30, 31, 32, 33, 35, 36, 37, 38, 39"
A037471,add x_0_6 8,(x_0_6 add 8),"0, 1, 2, 3, 4, 5, 8, 9, 10, 11, 12, 13, 16, 17, 18, 19, 20, 21, 24, 25, 26, 27, 28, 29, 32, 33, 34, 35, 36, 37, 40, 41, 42, 43, 44"
A075245,add 1 x_0_4,(1 add x_0_4),"1, 2, 2, 2, 2, 3, 3, 3, 3, 4, 4, 4, 4, 5, 5, 5, 5, 6, 6, 6, 6, 7, 7, 7, 7, 8, 8, 8, 8, 9, 9, 9, 9, 10, 10"
A052406,add n idiv sub n 5 9,(n add ((n sub 5) idiv 9)),"0, 1, 2, 3, 5, 6, 7, 8, 9, 10, 11, 12, 13, 15, 16, 17, 18, 19, 20, 21, 22, 23, 25, 26, 27, 28, 29, 30, 31, 32, 33, 35, 36, 37, 38"
A303788,add 5 x_0_6,(5 add x_0_6),"0, 1, 2, 3, 4, 5, 5, 6, 7, 8, 9, 10, 10, 11, 12, 13, 14, 15, 15, 16, 17, 18, 19, 20, 20, 21, 22, 23, 24, 25, 25, 26, 27, 28, 29"
A054898,idiv sub n 1 9,((n sub 1) idiv 9),"0, 0, 0, 0, 0, 0, 0, 0, 0, 1, 1, 1, 1, 1, 1, 1, 1, 1, 2, 2, 2, 2, 2, 2, 2, 2, 2, 3, 3, 3, 3, 3, 3, 3, 3"
A303824,add x_0_6 idiv 7 n,(x_0_6 add (7 idiv n)),"1, 1, 1, 1, 1, 1, 2, 1, 1, 1, 1, 1, 2, 1, 1, 1, 1, 1, 2, 1, 1, 1, 1, 1, 2, 1, 1, 1, 1, 1, 2, 1, 1, 1, 1"
A014490,idiv sub sqr 9 n 68,(((9)**2 sub n) idiv 68),"1, 1, 1, 1, 1, 1, 1, 1, 1, 1, 1, 1, 1, 0, 0, 0, 0, 0, 0, 0, 0, 0, 0, 0, 0, 0, 0, 0, 0, 0, 0, 0, 0, 0, 0"
A014268,relu sign sub 7 n,relu(sign((7 sub n))),"1, 1, 1, 1, 1, 1, 1, 0, 0, 0, 0, 0, 0, 0, 0, 0, 0, 0, 0, 0, 0, 0, 0, 0, 0, 0, 0, 0, 0, 0, 0, 0, 0, 0, 0"
A014638,idiv sub sqr 9 n 64,(((9)**2 sub n) idiv 64),"1, 1, 1, 1, 1, 1, 1, 1, 1, 1, 1, 1, 1, 1, 1, 1, 1, 0, 0, 0, 0, 0, 0, 0, 0, 0, 0, 0, 0, 0, 0, 0, 0, 0, 0"
A114540,idiv mul sqr 4 sub n 1 38,(((4)**2 mul (n sub 1)) idiv 38),"0, 0, 0, 1, 1, 2, 2, 2, 3, 3, 4, 4, 5, 5, 5, 6, 6, 7, 7, 8, 8, 8, 9, 9, 10, 10, 10, 11, 11, 12, 12, 13, 13, 13, 14"
A214315,idiv mul sub n 1 mul 39 3 64,(((n sub 1) mul (39 mul 3)) idiv 64),"0, 1, 3, 5, 7, 9, 10, 12, 14, 16, 18, 20, 21, 23, 25, 27, 29, 31, 32, 34, 36, 38, 40, 42, 43, 45, 47, 49, 51, 53, 54, 56, 58, 60, 62"
A093313,idiv x_0_3 3,(x_0_3 idiv 3),"0, 1, 1, 0, 0, 0, 0, 0, 0, 0, 0, 0, 0, 0, 0, 0, 0, 0, 0, 0, 0, 0, 0, 0, 0, 0, 0, 0, 0, 0, 0, 0, 0, 0, 0"
A211668,sub 1 idiv x_0_6 INT- 9,(1 sub (x_0_6 idiv -9)),"0, 0, 1, 1, 1, 1, 1, 1, 2, 2, 2, 2, 2, 2, 2, 2, 2, 2, 2, 2, 2, 2, 2, 2, 2, 2, 2, 2, 2, 2, 2, 2, 2, 2, 2"
A054897,idiv sub n 1 8,((n sub 1) idiv 8),"0, 0, 0, 0, 0, 0, 0, 0, 1, 1, 1, 1, 1, 1, 1, 1, 2, 2, 2, 2, 2, 2, 2, 2, 3, 3, 3, 3, 3, 3, 3, 3, 4, 4, 4"
A007094,sub n sub 3 mul idiv n INT- 8 INT- 2,(n sub (3 sub ((n idiv -8) mul -2))),"0, 1, 2, 3, 4, 5, 6, 7, 10, 11, 12, 13, 14, 15, 16, 17, 20, 21, 22, 23, 24, 25, 26, 27, 30, 31, 32, 33, 34, 35, 36, 37, 40, 41, 42"
A037475,sub n sub 3 mul idiv n INT- 7 INT- 2,(n sub (3 sub ((n idiv -7) mul -2))),"0, 1, 2, 3, 4, 5, 6, 9, 10, 11, 12, 13, 14, 15, 18, 19, 20, 21, 22, 23, 24, 27, 28, 29, 30, 31, 32, 33, 36, 37, 38, 39, 40, 41, 42"
A037472,add 9 x_0_6,(9 add x_0_6),"0, 1, 2, 3, 4, 5, 9, 10, 11, 12, 13, 14, 18, 19, 20, 21, 22, 23, 27, 28, 29, 30, 31, 32, 36, 37, 38, 39, 40, 41, 45, 46, 47, 48, 49"
A103847,91,91,"91, 91, 91, 91, 91, 91, 91, 91, 91, 91, 91, 91, 91, 91, 91, 91, 91, 91, 91, 91, 91, 91, 91, 91, 91, 91, 91, 91, 91, 91, 91, 91, 91, 91, 91"
A076938,idiv n 2,(n idiv 2),"0, 1, 1, 2, 2, 3, 3, 4, 4, 5, 5, 6, 6, 7, 7, 8, 8, 9, 9, 10, 10, 11, 11, 12, 12, 13, 13, 14, 14, 15, 15, 16, 16, 17, 17"
A054088,add idiv mul 123 n INT+ 7 1 n,(((123 mul n) idiv 71) add n),"2, 5, 8, 10, 13, 16, 19, 21, 24, 27, 30, 32, 35, 38, 40, 43, 46, 49, 51, 54, 57, 60, 62, 65, 68, 71, 73, 76, 79, 81, 84, 87, 90, 92, 95"
A033061,add n relu sub n 9,(n add relu((n sub 9))),"1, 2, 3, 4, 5, 6, 7, 8, 9, 11, 13, 15, 17, 19, 21, 23, 25, 27, 29, 31, 33, 35, 37, 39, 41, 43, 45, 47, 49, 51, 53, 55, 57, 59, 61"
A072633,idiv mul 68 n 47,((68 mul n) idiv 47),"1, 2, 4, 5, 7, 8, 10, 11, 13, 14, 15, 17, 18, 20, 21, 23, 24, 26, 27, 28, 30, 31, 33, 34, 36, 37, 39, 40, 41, 43, 44, 46, 47, 49, 50"
A039252,add x_0_5 6,(x_0_5 add 6),"0, 1, 2, 3, 5, 6, 7, 8, 9, 11, 12, 13, 14, 15, 17, 18, 19, 20, 21, 23, 24, 25, 26, 27, 29, 30, 31, 32, 33, 35, 36, 37, 38, 39, 41"
A047211,add 5 x_0_2,(5 add x_0_2),"2, 4, 7, 9, 12, 14, 17, 19, 22, 24, 27, 29, 32, 34, 37, 39, 42, 44, 47, 49, 52, 54, 57, 59, 62, 64, 67, 69, 72, 74, 77, 79, 82, 84, 87"
A271880,add sign x_0_1 8,(sign(x_0_1) add 8),"1, 9, 9, 9, 9, 9, 9, 9, 9, 9, 9, 9, 9, 9, 9, 9, 9, 9, 9, 9, 9, 9, 9, 9, 9, 9, 9, 9, 9, 9, 9, 9, 9, 9, 9"
A062781,add x_0_3 sub n 3,(x_0_3 add (n sub 3)),"0, 0, 0, 1, 2, 3, 5, 7, 9, 12, 15, 18, 22, 26, 30, 35, 40, 45, 51, 57, 63, 70, 77, 84, 92, 100, 108, 117, 126, 135, 145, 155, 165, 176, 187"
A125144,x_0_5,x_0_5,"1, 0, 1, 1, 0, 1, 0, 1, 1, 0, 1, 0, 1, 1, 0, 1, 0, 1, 1, 0, 1, 0, 1, 1, 0, 1, 0, 1, 1, 0, 1, 0, 1, 1, 0"
A160990,idiv add 80 n 100,((80 add n) idiv 100),"0, 0, 0, 0, 0, 0, 0, 0, 0, 0, 0, 0, 0, 0, 0, 0, 0, 0, 0, 1, 1, 1, 1, 1, 1, 1, 1, 1, 1, 1, 1, 1, 1, 1, 1"
A071839,idiv add 64 n 81,((64 add n) idiv 81),"0, 0, 0, 0, 0, 0, 0, 0, 0, 0, 0, 0, 0, 0, 0, 0, 1, 1, 1, 1, 1, 1, 1, 1, 1, 1, 1, 1, 1, 1, 1, 1, 1, 1, 1"
A161099,idiv add 80 n 91,((80 add n) idiv 91),"0, 0, 0, 0, 0, 0, 0, 0, 0, 0, 1, 1, 1, 1, 1, 1, 1, 1, 1, 1, 1, 1, 1, 1, 1, 1, 1, 1, 1, 1, 1, 1, 1, 1, 1"
A001637,add n 9,(n add 9),"10, 11, 12, 13, 14, 15, 16, 17, 18, 19, 20, 21, 22, 23, 24, 25, 26, 27, 28, 29, 30, 31, 32, 33, 34, 35, 36, 37, 38, 39, 40, 41, 42, 43, 44"
A032960,add n relu sub n add 9 1,(n add relu((n sub (9 add 1)))),"1, 2, 3, 4, 5, 6, 7, 8, 9, 10, 12, 14, 16, 18, 20, 22, 24, 26, 28, 30, 32, 34, 36, 38, 40, 42, 44, 46, 48, 50, 52, 54, 56, 58, 60"
A031487,add x_0_6 8,(x_0_6 add 8),"1, 2, 3, 4, 5, 6, 9, 10, 11, 12, 13, 14, 17, 18, 19, 20, 21, 22, 25, 26, 27, 28, 29, 30, 33, 34, 35, 36, 37, 38, 41, 42, 43, 44, 45"
A025731,add idiv mul 81 n sub 80 4 x_0_1,(((81 mul n) idiv (80 sub 4)) add x_0_1),"1, 3, 6, 10, 15, 21, 28, 36, 45, 55, 66, 78, 91, 105, 120, 137, 155, 174, 194, 215, 237, 260, 284, 309, 335, 362, 390, 419, 449, 480, 513, 547, 582, 618, 655"
A025715,add x_0_1 idiv mul 81 n 73,(x_0_1 add ((81 mul n) idiv 73)),"1, 3, 6, 10, 15, 21, 28, 36, 45, 56, 68, 81, 95, 110, 126, 143, 161, 180, 201, 223, 246, 270, 295, 321, 348, 376, 405, 436, 468, 501, 535, 570, 606, 643, 681"
A047467,add 8 x_0_2,(8 add x_0_2),"0, 2, 8, 10, 16, 18, 24, 26, 32, 34, 40, 42, 48, 50, 56, 58, 64, 66, 72, 74, 80, 82, 88, 90, 96, 98, 104, 106, 112, 114, 120, 122, 128, 130, 136"
A206912,idiv mul 100 n 64,((100 mul n) idiv 64),"1, 3, 4, 6, 7, 9, 10, 12, 14, 15, 17, 18, 20, 21, 23, 25, 26, 28, 29, 31, 32, 34, 35, 37, 39, 40, 42, 43, 45, 46, 48, 50, 51, 53, 54"
A054899,idiv mul 35 n 361,((35 mul n) idiv 361),"0, 0, 0, 0, 0, 0, 0, 0, 0, 0, 1, 1, 1, 1, 1, 1, 1, 1, 1, 1, 2, 2, 2, 2, 2, 2, 2, 2, 2, 2, 3, 3, 3, 3, 3"
A100283,idiv x_0_3 sign x_0_4,(x_0_3 idiv sign(x_0_4)),"0, 0, 0, 1, 0, 0, 1, 0, 0, 1, 0, 0, 1, 0, 0, 1, 0, 0, 1, 0, 0, 1, 0, 0, 1, 0, 0, 1, 0, 0, 1, 0, 0, 1, 0"
A001729,add x_0_6 add 9 1,(x_0_6 add (9 add 1)),"1, 2, 3, 4, 5, 7, 11, 12, 13, 14, 15, 17, 21, 22, 23, 24, 25, 27, 31, 32, 33, 34, 35, 37, 41, 42, 43, 44, 45, 47, 51, 52, 53, 54, 55"
A039055,add x_0_6 8,(x_0_6 add 8),"1, 2, 3, 4, 5, 7, 9, 10, 11, 12, 13, 15, 17, 18, 19, 20, 21, 23, 25, 26, 27, 28, 29, 31, 33, 34, 35, 36, 37, 39, 41, 42, 43, 44, 45"
A277645,idiv mul INT+ 9 68 n sub 38 9,((158 mul n) idiv (38 sub 9)),"5, 10, 16, 21, 27, 32, 38, 43, 49, 54, 59, 65, 70, 76, 81, 87, 92, 98, 103, 108, 114, 119, 125, 130, 136, 141, 147, 152, 158, 163, 168, 174, 179, 185, 190"
A036741,add n idiv n 9,(n add (n idiv 9)),"1, 2, 3, 4, 5, 6, 7, 8, 10, 11, 12, 13, 14, 15, 16, 17, 18, 20, 21, 22, 23, 24, 25, 26, 27, 28, 30, 31, 32, 33, 34, 35, 36, 37, 38"
A355478,idiv add 6 n 35,((6 add n) idiv 35),"0, 0, 0, 0, 0, 0, 0, 0, 0, 0, 0, 0, 0, 0, 0, 0, 0, 0, 0, 0, 0, 0, 0, 0, 0, 0, 0, 0, 1, 1, 1, 1, 1, 1, 1"
A161049,idiv add 68 n 81,((68 add n) idiv 81),"0, 0, 0, 0, 0, 0, 0, 0, 0, 0, 0, 0, 1, 1, 1, 1, 1, 1, 1, 1, 1, 1, 1, 1, 1, 1, 1, 1, 1, 1, 1, 1, 1, 1, 1"
A211665,idiv add 60 n 35,((60 add n) idiv 35),"1, 1, 1, 1, 1, 1, 1, 1, 1, 2, 2, 2, 2, 2, 2, 2, 2, 2, 2, 2, 2, 2, 2, 2, 2, 2, 2, 2, 2, 2, 2, 2, 2, 2, 2"
A104407,idiv n 8,(n idiv 8),"0, 0, 0, 0, 0, 0, 0, 1, 1, 1, 1, 1, 1, 1, 1, 2, 2, 2, 2, 2, 2, 2, 2, 3, 3, 3, 3, 3, 3, 3, 3, 4, 4, 4, 4"
A084052,sub 1 x_0_5,(1 sub x_0_5),"1, 1, 1, 1, 1, 0, 0, 0, 0, 0, 1, 1, 1, 1, 1, 0, 0, 0, 0, 0, 1, 1, 1, 1, 1, 0, 0, 0, 0, 0, 1, 1, 1, 1, 1"
A047235,add 6 x_0_2,(6 add x_0_2),"2, 4, 8, 10, 14, 16, 20, 22, 26, 28, 32, 34, 38, 40, 44, 46, 50, 52, 56, 58, 62, 64, 68, 70, 74, 76, 80, 82, 86, 88, 92, 94, 98, 100, 104"
A191153,sub 1 mul x_0_3 x_0_4,(1 sub (x_0_3 mul x_0_4)),"0, 0, 0, 1, 1, 1, 1, 0, 0, 0, 1, 1, 1, 1, 0, 0, 0, 1, 1, 1, 1, 0, 0, 0, 1, 1, 1, 1, 0, 0, 0, 1, 1, 1, 1"
A171491,add 2 x_0_1,(2 add x_0_1),"11, 13, 15, 17, 19, 21, 23, 25, 27, 29, 31, 33, 35, 37, 39, 41, 43, 45, 47, 49, 51, 53, 55, 57, 59, 61, 63, 65, 67, 69, 71, 73, 75, 77, 79"
A088383,add x_0_1 2,(x_0_1 add 2),"18, 20, 22, 24, 26, 28, 30, 32, 34, 36, 38, 40, 42, 44, 46, 48, 50, 52, 54, 56, 58, 60, 62, 64, 66, 68, 70, 72, 74, 76, 78, 80, 82, 84, 86"
A054895,add 1 x_0_6,(1 add x_0_6),"0, 0, 0, 0, 0, 0, 1, 1, 1, 1, 1, 1, 2, 2, 2, 2, 2, 2, 3, 3, 3, 3, 3, 3, 4, 4, 4, 4, 4, 4, 5, 5, 5, 5, 5"
A039215,add x_0_5 6,(x_0_5 add 6),"1, 2, 3, 4, 5, 7, 8, 9, 10, 11, 13, 14, 15, 16, 17, 19, 20, 21, 22, 23, 25, 26, 27, 28, 29, 31, 32, 33, 34, 35, 37, 38, 39, 40, 41"
A039116,add 5 x_0_4,(5 add x_0_4),"1, 2, 3, 4, 6, 7, 8, 9, 11, 12, 13, 14, 16, 17, 18, 19, 21, 22, 23, 24, 26, 27, 28, 29, 31, 32, 33, 34, 36, 37, 38, 39, 41, 42, 43"
A297035,sign x_0_6,sign(x_0_6),"0, 0, 0, 0, 0, 0, 1, 1, 1, 1, 1, 1, 1, 1, 1, 1, 1, 1, 1, 1, 1, 1, 1, 1, 1, 1, 1, 1, 1, 1, 1, 1, 1, 1, 1"
A061217,idiv mul 37 n 361,((37 mul n) idiv 361),"0, 0, 0, 0, 0, 0, 0, 0, 0, 1, 1, 1, 1, 1, 1, 1, 1, 1, 1, 2, 2, 2, 2, 2, 2, 2, 2, 2, 2, 3, 3, 3, 3, 3, 3"
A179636,mod n INT+ 1 0,(n mod 10),"1, 2, 3, 4, 5, 6, 7, 8, 9, 0, 1, 2, 3, 4, 5, 6, 7, 8, 9, 0, 1, 2, 3, 4, 5, 6, 7, 8, 9, 0, 1, 2, 3, 4, 5"
A320536,add 1 x_0_6,(1 add x_0_6),"1, 1, 1, 1, 2, 1, 2, 2, 2, 2, 3, 2, 3, 3, 3, 3, 4, 3, 4, 4, 4, 4, 5, 4, 5, 5, 5, 5, 6, 5, 6, 6, 6, 6, 7"
A283149,sign x_0_6,sign(x_0_6),"1, 1, 2, 1, 1, 2, 1, 1, 1, 1, 1, 1, 1, 1, 1, 1, 1, 1, 1, 1, 1, 1, 1, 1, 1, 1, 1, 1, 1, 1, 1, 1, 1, 1, 1"
A122841,x_0_6,x_0_6,"0, 0, 0, 0, 0, 1, 0, 0, 0, 0, 0, 1, 0, 0, 0, 0, 0, 1, 0, 0, 0, 0, 0, 1, 0, 0, 0, 0, 0, 1, 0, 0, 0, 0, 0"
A024811,idiv mul INT+ 7 8 n 123,((78 mul n) idiv 123),"0, 1, 1, 2, 3, 3, 4, 5, 5, 6, 6, 7, 8, 8, 9, 10, 10, 11, 12, 12, 13, 13, 14, 15, 15, 16, 17, 17, 18, 19, 19, 20, 20, 21, 22"
A059547,add idiv mul 100 n 110 n,(((100 mul n) idiv 110) add n),"1, 3, 5, 7, 9, 11, 13, 15, 17, 19, 21, 22, 24, 26, 28, 30, 32, 34, 36, 38, 40, 42, 43, 45, 47, 49, 51, 53, 55, 57, 59, 61, 63, 64, 66"
A035332,add n idiv x_0_1 add 2 9,(n add (x_0_1 idiv (2 add 9))),"1, 2, 3, 4, 5, 6, 7, 8, 9, 10, 11, 13, 14, 15, 16, 17, 18, 19, 20, 21, 22, 24, 25, 26, 27, 28, 29, 30, 31, 32, 33, 35, 36, 37, 38"
A039194,add n idiv mul sub n 5 2 9,(n add (((n sub 5) mul 2) idiv 9)),"0, 1, 2, 3, 5, 6, 7, 8, 9, 11, 12, 13, 14, 16, 17, 18, 19, 20, 22, 23, 24, 25, 27, 28, 29, 30, 31, 33, 34, 35, 36, 38, 39, 40, 41"
A010674,x_0_2,x_0_2,"0, 3, 0, 3, 0, 3, 0, 3, 0, 3, 0, 3, 0, 3, 0, 3, 0, 3, 0, 3, 0, 3, 0, 3, 0, 3, 0, 3, 0, 3, 0, 3, 0, 3, 0"
A122906,add 4 x_0_3,(4 add x_0_3),"1, 3, 4, 5, 7, 8, 9, 11, 12, 13, 15, 16, 17, 19, 20, 21, 23, 24, 25, 27, 28, 29, 31, 32, 33, 35, 36, 37, 39, 40, 41, 43, 44, 45, 47"
A039259,add x_0_5 6,(x_0_5 add 6),"0, 1, 2, 3, 4, 6, 7, 8, 9, 10, 12, 13, 14, 15, 16, 18, 19, 20, 21, 22, 24, 25, 26, 27, 28, 30, 31, 32, 33, 34, 36, 37, 38, 39, 40"
A173526,add 1 x_0_6,(1 add x_0_6),"1, 2, 3, 4, 5, 6, 2, 3, 4, 5, 6, 7, 3, 4, 5, 6, 7, 8, 4, 5, 6, 7, 8, 9, 5, 6, 7, 8, 9, 10, 6, 7, 8, 9, 10"
A039160,idiv mul INT+ 7 80 n 123,((150 mul n) idiv 123),"1, 2, 3, 4, 6, 7, 8, 9, 10, 12, 13, 14, 15, 17, 18, 19, 20, 21, 23, 24, 25, 26, 28, 29, 30, 31, 32, 34, 35, 36, 37, 39, 40, 41, 42"
A215000,add idiv mul 110 n sub 68 6 1,(((110 mul n) idiv (68 sub 6)) add 1),"2, 4, 6, 8, 9, 11, 13, 15, 16, 18, 20, 22, 24, 25, 27, 29, 31, 32, 34, 36, 38, 40, 41, 43, 45, 47, 48, 50, 52, 54, 56, 57, 59, 61, 63"
A184520,add n idiv x_0_1 6,(n add (x_0_1 idiv 6)),"1, 2, 3, 4, 5, 6, 8, 9, 10, 11, 12, 14, 15, 16, 17, 18, 20, 21, 22, 23, 24, 26, 27, 28, 29, 30, 32, 33, 34, 35, 36, 38, 39, 40, 41"
A020660,add n idiv x_0_1 7,(n add (x_0_1 idiv 7)),"1, 2, 3, 4, 5, 6, 7, 9, 10, 11, 12, 13, 14, 16, 17, 18, 19, 20, 21, 23, 24, 25, 26, 27, 28, 30, 31, 32, 33, 34, 35, 37, 38, 39, 40"
A059555,idiv mul 123 n sub 81 3,((123 mul n) idiv (81 sub 3)),"1, 3, 4, 6, 7, 9, 11, 12, 14, 15, 17, 18, 20, 22, 23, 25, 26, 28, 29, 31, 33, 34, 36, 37, 39, 41, 42, 44, 45, 47, 48, 50, 52, 53, 55"
A059543,idiv mul 100 n 91,((100 mul n) idiv 91),"1, 2, 3, 4, 5, 6, 7, 8, 9, 10, 12, 13, 14, 15, 16, 17, 18, 19, 20, 21, 23, 24, 25, 26, 27, 28, 29, 30, 31, 32, 34, 35, 36, 37, 38"
A348264,x_0_4,x_0_4,"0, 1, 0, 0, 0, 1, 0, 0, 0, 1, 0, 0, 0, 1, 0, 0, 0, 1, 0, 0, 0, 1, 0, 0, 0, 1, 0, 0, 0, 1, 0, 0, 0, 1, 0"
A109237,idiv mul INT+ 2 64 n 64,((84 mul n) idiv 64),"1, 2, 3, 5, 6, 7, 9, 10, 11, 13, 14, 15, 17, 18, 19, 21, 22, 23, 24, 26, 27, 28, 30, 31, 32, 34, 35, 36, 38, 39, 40, 42, 43, 44, 45"
A164086,idiv mul INT+ 8 75 n 37,((155 mul n) idiv 37),"4, 8, 12, 16, 20, 25, 29, 33, 37, 41, 46, 50, 54, 58, 62, 67, 71, 75, 79, 83, 87, 92, 96, 100, 104, 108, 113, 117, 121, 125, 129, 134, 138, 142, 146"
A044332,mul 100 n,(100 mul n),"100, 200, 300, 400, 500, 600, 700, 800, 900, 1000, 1100, 1200, 1300, 1400, 1500, 1600, 1700, 1800, 1900, 2000, 2100, 2200, 2300, 2400, 2500, 2600, 2700, 2800, 2900, 3000, 3100, 3200, 3300, 3400, 3500"
A010713,x_0_2,x_0_2,"4, 8, 4, 8, 4, 8, 4, 8, 4, 8, 4, 8, 4, 8, 4, 8, 4, 8, 4, 8, 4, 8, 4, 8, 4, 8, 4, 8, 4, 8, 4, 8, 4, 8, 4"
A028904,idiv mul 73 n 81,((73 mul n) idiv 81),"0, 1, 2, 3, 4, 5, 6, 7, 8, 9, 9, 10, 11, 12, 13, 14, 15, 16, 17, 18, 18, 19, 20, 21, 22, 23, 24, 25, 26, 27, 27, 28, 29, 30, 31"
A115566,add 6 add x_0_4 4,(6 add (x_0_4 add 4)),"1, 4, 7, 10, 11, 14, 17, 20, 21, 24, 27, 30, 31, 34, 37, 40, 41, 44, 47, 50, 51, 54, 57, 60, 61, 64, 67, 70, 71, 74, 77, 80, 81, 84, 87"
A240467,idiv x_0_5 n,(x_0_5 idiv n),"1, 0, 0, 0, 1, 0, 0, 0, 0, 0, 0, 0, 0, 0, 0, 0, 0, 0, 0, 0, 0, 0, 0, 0, 0, 0, 0, 0, 0, 0, 0, 0, 0, 0, 0"
A014548,idiv mod n INT- 7 INT- 6,((n mod -7) idiv -6),"1, 0, 0, 0, 0, 0, 0, 1, 0, 0, 0, 0, 0, 0, 1, 0, 0, 0, 0, 0, 0, 1, 0, 0, 0, 0, 0, 0, 1, 0, 0, 0, 0, 0, 0"
A023973,idiv add 68 n 80,((68 add n) idiv 80),"0, 0, 0, 0, 0, 0, 0, 0, 0, 0, 0, 1, 1, 1, 1, 1, 1, 1, 1, 1, 1, 1, 1, 1, 1, 1, 1, 1, 1, 1, 1, 1, 1, 1, 1"
A011745,idiv add 68 n 100,((68 add n) idiv 100),"0, 0, 0, 0, 0, 0, 0, 0, 0, 0, 0, 0, 0, 0, 0, 0, 0, 0, 0, 0, 0, 0, 0, 0, 0, 0, 0, 0, 0, 0, 0, 1, 1, 1, 1"
A244325,add sign x_0_4 x_0_2,(sign(x_0_4) add x_0_2),"0, 0, 0, 0, 1, 1, 2, 2, 3, 3, 4, 4, 5, 5, 6, 6, 7, 7, 8, 8, 9, 9, 10, 10, 11, 11, 12, 12, 13, 13, 14, 14, 15, 15, 16"
A007092,add 9 add x_0_6 1,(9 add (x_0_6 add 1)),"0, 1, 2, 3, 4, 5, 10, 11, 12, 13, 14, 15, 20, 21, 22, 23, 24, 25, 30, 31, 32, 33, 34, 35, 40, 41, 42, 43, 44, 45, 50, 51, 52, 53, 54"
A033059,add n relu sub n 7,(n add relu((n sub 7))),"1, 2, 3, 4, 5, 6, 7, 9, 11, 13, 15, 17, 19, 21, 23, 25, 27, 29, 31, 33, 35, 37, 39, 41, 43, 45, 47, 49, 51, 53, 55, 57, 59, 61, 63"
A053827,add 1 x_0_6,(1 add x_0_6),"0, 1, 2, 3, 4, 5, 1, 2, 3, 4, 5, 6, 2, 3, 4, 5, 6, 7, 3, 4, 5, 6, 7, 8, 4, 5, 6, 7, 8, 9, 5, 6, 7, 8, 9"
A087143,add n idiv sub n 1 mul 7 4,(n add ((n sub 1) idiv (7 mul 4))),"1, 2, 3, 4, 5, 6, 7, 8, 9, 10, 11, 12, 13, 14, 15, 16, 17, 18, 19, 20, 21, 22, 23, 24, 25, 26, 27, 28, 30, 31, 32, 33, 34, 35, 36"
A187385,idiv mul INT+ 7 75 n 35,((145 mul n) idiv 35),"4, 8, 12, 16, 20, 24, 29, 33, 37, 41, 45, 49, 53, 58, 62, 66, 70, 74, 78, 82, 87, 91, 95, 99, 103, 107, 111, 116, 120, 124, 128, 132, 136, 140, 145"
A065039,sub idiv mul 100 n 91 1,(((100 mul n) idiv 91) sub 1),"0, 1, 2, 3, 4, 5, 6, 7, 8, 9, 11, 12, 13, 14, 15, 16, 17, 18, 19, 20, 22, 23, 24, 25, 26, 27, 28, 29, 30, 31, 33, 34, 35, 36, 37"
A007959,sub n sub mod n INT- 1 0 sub n 1,(n sub ((n mod -10) sub (n sub 1))),"10, 11, 12, 13, 14, 15, 16, 17, 18, 19, 30, 31, 32, 33, 34, 35, 36, 37, 38, 39, 50, 51, 52, 53, 54, 55, 56, 57, 58, 59, 70, 71, 72, 73, 74"
A032958,add n relu sub n 8,(n add relu((n sub 8))),"1, 2, 3, 4, 5, 6, 7, 8, 10, 12, 14, 16, 18, 20, 22, 24, 26, 28, 30, 32, 34, 36, 38, 40, 42, 44, 46, 48, 50, 52, 54, 56, 58, 60, 62"
A195181,add 3 add x_0_5 sign x_0_6,(3 add (x_0_5 add sign(x_0_6))),"0, 1, 2, 3, 4, 5, 5, 6, 7, 8, 9, 9, 10, 11, 12, 13, 13, 14, 15, 16, 17, 17, 18, 19, 20, 21, 21, 22, 23, 24, 25, 25, 26, 27, 28"
A023806,idiv mul sub n 1 add 37 3 37,(((n sub 1) mul (37 add 3)) idiv 37),"0, 1, 2, 3, 4, 5, 6, 7, 8, 9, 10, 11, 12, 14, 15, 16, 17, 18, 19, 20, 21, 22, 23, 24, 25, 27, 28, 29, 30, 31, 32, 33, 34, 35, 36"
A162880,add sign x_0_2 x_0_1,(sign(x_0_2) add x_0_1),"2, 4, 5, 6, 7, 8, 9, 10, 11, 12, 13, 14, 15, 16, 17, 18, 19, 20, 21, 22, 23, 24, 25, 26, 27, 28, 29, 30, 31, 32, 33, 34, 35, 36, 37"
A102675,sub 1 x_0_5,(1 sub x_0_5),"0, 0, 0, 0, 0, 1, 1, 1, 1, 1, 0, 0, 0, 0, 0, 1, 1, 1, 1, 1, 0, 0, 0, 0, 0, 1, 1, 1, 1, 1, 0, 0, 0, 0, 0"
A161050,relu sign sub n mul 7 2,relu(sign((n sub (7 mul 2)))),"0, 0, 0, 0, 0, 0, 0, 0, 0, 0, 0, 0, 0, 1, 1, 1, 1, 1, 1, 1, 1, 1, 1, 1, 1, 1, 1, 1, 1, 1, 1, 1, 1, 1, 1"
A209929,sqr idiv mod n INT+ 1 0 INT- 9,(((n mod 10) idiv -9))**2,"1, 1, 1, 1, 1, 1, 1, 1, 1, 0, 1, 1, 1, 1, 1, 1, 1, 1, 1, 0, 1, 1, 1, 1, 1, 1, 1, 1, 1, 0, 1, 1, 1, 1, 1"
A282673,relu sign mod n add INT- 6 INT- 6,relu(sign((n mod (-6 add -6)))),"0, 0, 0, 0, 0, 0, 0, 0, 0, 0, 0, 1, 0, 0, 0, 0, 0, 0, 0, 0, 0, 0, 0, 1, 0, 0, 0, 0, 0, 0, 0, 0, 0, 0, 0"
A348173,idiv mul x_0_4 n sub n 4,((x_0_4 mul n) idiv (n sub 4)),"1, 1, 3, 4, 5, 3, 7, 8, 9, 5, 11, 12, 13, 7, 15, 16, 17, 9, 19, 20, 21, 11, 23, 24, 25, 13, 27, 28, 29, 15, 31, 32, 33, 17, 35"
A057436,add x_0_6 add 9 1,(x_0_6 add (9 add 1)),"1, 2, 3, 4, 5, 6, 11, 12, 13, 14, 15, 16, 21, 22, 23, 24, 25, 26, 31, 32, 33, 34, 35, 36, 41, 42, 43, 44, 45, 46, 51, 52, 53, 54, 55"
A328959,mul x_0_1 0,(x_0_1 mul 0),"-1, 0, 0, 0, 0, 0, 0, 0, 0, 0, 0, 0, 0, 0, 0, 0, 0, 0, 0, 0, 0, 0, 0, 0, 0, 0, 0, 0, 0, 0, 0, 0, 0, 0, 0"
A005846,add x_0_1 add sub n 2 n,(x_0_1 add ((n sub 2) add n)),"41, 43, 47, 53, 61, 71, 83, 97, 113, 131, 151, 173, 197, 223, 251, 281, 313, 347, 383, 421, 461, 503, 547, 593, 641, 691, 743, 797, 853, 911, 971, 1033, 1097, 1163, 1231"
A325360,idiv mul 37 n 35,((37 mul n) idiv 35),"1, 2, 3, 4, 5, 6, 7, 8, 9, 10, 11, 12, 13, 14, 15, 16, 17, 19, 20, 21, 22, 23, 24, 25, 26, 27, 28, 29, 30, 31, 32, 33, 34, 35, 37"
A249245,idiv mul INT+ 5 49 n 73,((99 mul n) idiv 73),"1, 2, 4, 5, 6, 8, 9, 10, 12, 13, 14, 16, 17, 18, 20, 21, 23, 24, 25, 27, 28, 29, 31, 32, 33, 35, 36, 37, 39, 40, 42, 43, 44, 46, 47"
A185715,relu idiv sub n 9 INT+ 1 0,relu(((n sub 9) idiv 10)),"0, 0, 0, 0, 0, 0, 0, 0, 0, 0, 0, 0, 0, 0, 0, 0, 0, 0, 1, 1, 1, 1, 1, 1, 1, 1, 1, 1, 2, 2, 2, 2, 2, 2, 2"
A083928,mul idiv n 7 idiv 7 n,((n idiv 7) mul (7 idiv n)),"0, 0, 0, 0, 0, 0, 1, 0, 0, 0, 0, 0, 0, 0, 0, 0, 0, 0, 0, 0, 0, 0, 0, 0, 0, 0, 0, 0, 0, 0, 0, 0, 0, 0, 0"
A168046,relu sign mod n mod sub n 1 INT+ 1 0,relu(sign((n mod ((n sub 1) mod 10)))),"0, 1, 1, 1, 1, 1, 1, 1, 1, 1, 0, 1, 1, 1, 1, 1, 1, 1, 1, 1, 0, 1, 1, 1, 1, 1, 1, 1, 1, 1, 0, 1, 1, 1, 1"
A172325,idiv mul sub n 1 35 8,(((n sub 1) mul 35) idiv 8),"0, 4, 8, 13, 17, 21, 26, 30, 35, 39, 43, 48, 52, 56, 61, 65, 70, 74, 78, 83, 87, 91, 96, 100, 105, 109, 113, 118, 122, 126, 131, 135, 140, 144, 148"
A014194,idiv x_0_5 n,(x_0_5 idiv n),"1, 1, 1, 1, 1, 0, 0, 0, 0, 0, 0, 0, 0, 0, 0, 0, 0, 0, 0, 0, 0, 0, 0, 0, 0, 0, 0, 0, 0, 0, 0, 0, 0, 0, 0"
A261301,mod sub x_0_1 1 n,((x_0_1 sub 1) mod n),"1, 0, 2, 1, 0, 5, 4, 3, 2, 1, 0, 11, 10, 9, 8, 7, 6, 5, 4, 3, 2, 1, 0, 23, 22, 21, 20, 19, 18, 17, 16, 15, 14, 13, 12"
A168198,add 3 x_0_2,(3 add x_0_2),"1, 6, 4, 9, 7, 12, 10, 15, 13, 18, 16, 21, 19, 24, 22, 27, 25, 30, 28, 33, 31, 36, 34, 39, 37, 42, 40, 45, 43, 48, 46, 51, 49, 54, 52"
A082763,add n 39,(n add 39),"40, 41, 42, 43, 44, 45, 46, 47, 48, 49, 50, 51, 52, 53, 54, 55, 56, 57, 58, 59, 60, 61, 62, 63, 64, 65, 66, 67, 68, 69, 70, 71, 72, 73, 74"
A338497,add 1 mod x_0_1 sub 64 38,(1 add (x_0_1 mod (64 sub 38))),"1, 2, 3, 4, 5, 6, 7, 8, 9, 10, 11, 12, 13, 14, 15, 16, 17, 18, 19, 20, 21, 22, 23, 24, 25, 26, 1, 2, 3, 4, 5, 6, 7, 8, 9"
A283969,add idiv mul 110 sub n 1 68 add x_0_1 n,(((110 mul (n sub 1)) idiv 68) add (x_0_1 add n)),"1, 4, 10, 18, 29, 43, 59, 78, 99, 123, 150, 179, 211, 246, 283, 323, 365, 410, 458, 508, 561, 616, 674, 735, 798, 864, 933, 1004, 1078, 1154, 1233, 1315, 1399, 1486, 1576"
A025726,add x_0_1 idiv mul 8 n 9,(x_0_1 add ((8 mul n) idiv 9)),"1, 2, 4, 7, 11, 16, 22, 29, 37, 45, 54, 64, 75, 87, 100, 114, 129, 145, 161, 178, 196, 215, 235, 256, 278, 301, 325, 349, 374, 400, 427, 455, 484, 514, 545"
A052375,idiv add 2 n 35,((2 add n) idiv 35),"0, 0, 0, 0, 0, 0, 0, 0, 0, 0, 0, 0, 0, 0, 0, 0, 0, 0, 0, 0, 0, 0, 0, 0, 0, 0, 0, 0, 0, 0, 0, 0, 1, 1, 1"
A109259,idiv mul 80 n 49,((80 mul n) idiv 49),"1, 3, 4, 6, 8, 9, 11, 13, 14, 16, 17, 19, 21, 22, 24, 26, 27, 29, 31, 32, 34, 35, 37, 39, 40, 42, 44, 45, 47, 48, 50, 52, 53, 55, 57"
A104235,add sqr 4 x_0_3,((4)**2 add x_0_3),"0, 4, 8, 16, 20, 24, 32, 36, 40, 48, 52, 56, 64, 68, 72, 80, 84, 88, 96, 100, 104, 112, 116, 120, 128, 132, 136, 144, 148, 152, 160, 164, 168, 176, 180"
A332101,add idiv mul 81 n sub 64 8 1,(((81 mul n) idiv (64 sub 8)) add 1),"2, 3, 5, 6, 8, 9, 11, 12, 14, 15, 16, 18, 19, 21, 22, 24, 25, 27, 28, 29, 31, 32, 34, 35, 37, 38, 40, 41, 42, 44, 45, 47, 48, 50, 51"
A234959,x_0_6,x_0_6,"1, 1, 1, 1, 1, 6, 1, 1, 1, 1, 1, 6, 1, 1, 1, 1, 1, 6, 1, 1, 1, 1, 1, 6, 1, 1, 1, 1, 1, 6, 1, 1, 1, 1, 1"
A161097,idiv add 64 n 73,((64 add n) idiv 73),"0, 0, 0, 0, 0, 0, 0, 0, 1, 1, 1, 1, 1, 1, 1, 1, 1, 1, 1, 1, 1, 1, 1, 1, 1, 1, 1, 1, 1, 1, 1, 1, 1, 1, 1"
A039274,sub n sub 3 mul idiv n INT- 1 0 INT- 2,(n sub (3 sub ((n idiv -10) mul -2))),"0, 1, 2, 3, 4, 5, 6, 7, 8, 9, 12, 13, 14, 15, 16, 17, 18, 19, 20, 21, 24, 25, 26, 27, 28, 29, 30, 31, 32, 33, 36, 37, 38, 39, 40"
A028903,add mul 2 idiv n INT- 1 0 add n 1,((2 mul (n idiv -10)) add (n add 1)),"0, 1, 2, 3, 4, 5, 6, 7, 8, 9, 8, 9, 10, 11, 12, 13, 14, 15, 16, 17, 16, 17, 18, 19, 20, 21, 22, 23, 24, 25, 24, 25, 26, 27, 28"
A044939,relu sign mod n INT- 9,relu(sign((n mod -9))),"0, 0, 0, 0, 0, 0, 0, 0, 1, 0, 0, 0, 0, 0, 0, 0, 0, 1, 0, 0, 0, 0, 0, 0, 0, 0, 1, 0, 0, 0, 0, 0, 0, 0, 0"
A215089,add x_0_6 2,(x_0_6 add 2),"0, 1, 2, 3, 4, 5, 2, 3, 4, 5, 6, 7, 4, 5, 6, 7, 8, 9, 6, 7, 8, 9, 10, 11, 8, 9, 10, 11, 12, 13, 10, 11, 12, 13, 14"
A083929,mul idiv n 8 idiv 8 n,((n idiv 8) mul (8 idiv n)),"0, 0, 0, 0, 0, 0, 0, 1, 0, 0, 0, 0, 0, 0, 0, 0, 0, 0, 0, 0, 0, 0, 0, 0, 0, 0, 0, 0, 0, 0, 0, 0, 0, 0, 0"
A297036,relu sign sub n mul 4 2,relu(sign((n sub (4 mul 2)))),"0, 0, 0, 0, 0, 0, 0, 1, 1, 1, 1, 1, 1, 1, 1, 1, 1, 1, 1, 1, 1, 1, 1, 1, 1, 1, 1, 1, 1, 1, 1, 1, 1, 1, 1"
A094875,mul x_0_3 x_0_6,(x_0_3 mul x_0_6),"1, 1, 0, 0, 0, 1, 0, 0, 0, 0, 0, 0, 0, 0, 0, 0, 0, 0, 0, 0, 0, 0, 0, 0, 0, 0, 0, 0, 0, 0, 0, 0, 0, 0, 0"
A160989,idiv n INT+ 1 9,(n idiv 19),"0, 0, 0, 0, 0, 0, 0, 0, 0, 0, 0, 0, 0, 0, 0, 0, 0, 0, 1, 1, 1, 1, 1, 1, 1, 1, 1, 1, 1, 1, 1, 1, 1, 1, 1"
A015757,x_0_4,x_0_4,"1, 0, -1, 0, 1, 0, -1, 0, 1, 0, -1, 0, 1, 0, -1, 0, 1, 0, -1, 0, 1, 0, -1, 0, 1, 0, -1, 0, 1, 0, -1, 0, 1, 0, -1"
A014527,mul x_0_4 idiv 7 n,(x_0_4 mul (7 idiv n)),"1, -1, 1, -1, 1, -1, 1, 0, 0, 0, 0, 0, 0, 0, 0, 0, 0, 0, 0, 0, 0, 0, 0, 0, 0, 0, 0, 0, 0, 0, 0, 0, 0, 0, 0"
A014379,sub x_0_5 x_0_5,(x_0_5 sub x_0_5),"1, -1, 1, -1, 1, 0, 0, 0, 0, 0, 0, 0, 0, 0, 0, 0, 0, 0, 0, 0, 0, 0, 0, 0, 0, 0, 0, 0, 0, 0, 0, 0, 0, 0, 0"
A299912,mod x_0_2 2,(x_0_2 mod 2),"-1, -1, 1, 1, 1, 1, 1, 1, 1, 1, 1, 1, 1, 1, 1, 1, 1, 1, 1, 1, 1, 1, 1, 1, 1, 1, 1, 1, 1, 1, 1, 1, 1, 1, 1"
A011735,idiv sub n 1 mul 7 3,((n sub 1) idiv (7 mul 3)),"0, 0, 0, 0, 0, 0, 0, 0, 0, 0, 0, 0, 0, 0, 0, 0, 0, 0, 0, 0, 0, 1, 1, 1, 1, 1, 1, 1, 1, 1, 1, 1, 1, 1, 1"
A014564,mul idiv add INT- 1 0 n n x_0_4,(((-10 add n) idiv n) mul x_0_4),"1, -1, 0, 1, -1, 1, 0, -1, 1, 0, 0, 0, 0, 0, 0, 0, 0, 0, 0, 0, 0, 0, 0, 0, 0, 0, 0, 0, 0, 0, 0, 0, 0, 0, 0"
A183143,add x_0_1 idiv mul INT+ 7 1 n 123,(x_0_1 add ((71 mul n) idiv 123)),"0, 1, 2, 4, 6, 9, 13, 17, 22, 27, 33, 39, 46, 54, 62, 71, 80, 90, 100, 111, 123, 135, 148, 161, 175, 190, 205, 221, 237, 254, 271, 289, 308, 327, 347"
A078923,add sign x_0_4 n,(sign(x_0_4) add n),"0, 1, 3, 4, 6, 7, 8, 9, 10, 11, 12, 13, 14, 15, 16, 17, 18, 19, 20, 21, 22, 23, 24, 25, 26, 27, 28, 29, 30, 31, 32, 33, 34, 35, 36"
A014456,add x_0_5 8,(x_0_5 add 8),"0, 2, 3, 4, 7, 8, 10, 11, 12, 15, 16, 18, 19, 20, 23, 24, 26, 27, 28, 31, 32, 34, 35, 36, 39, 40, 42, 43, 44, 47, 48, 50, 51, 52, 55"
A014860,idiv mul x_0_1 sub 60 n 37,((x_0_1 mul (60 sub n)) idiv 37),"1, 1, 1, 1, 1, 1, 1, 1, 1, 1, 1, 1, 1, 1, 1, 1, 1, 1, 1, 1, 1, 1, 1, 0, 0, 0, 0, 0, 0, 0, 0, 0, 0, 0, 0"
A014712,idiv mod n INT+ 2 0 n,((n mod 20) idiv n),"1, 1, 1, 1, 1, 1, 1, 1, 1, 1, 1, 1, 1, 1, 1, 1, 1, 1, 1, 0, 0, 0, 0, 0, 0, 0, 0, 0, 0, 0, 0, 0, 0, 0, 0"
A015156,idiv mul x_0_1 sub 68 n 37,((x_0_1 mul (68 sub n)) idiv 37),"1, 1, 1, 1, 1, 1, 1, 1, 1, 1, 1, 1, 1, 1, 1, 1, 1, 1, 1, 1, 1, 1, 1, 1, 1, 1, 1, 1, 1, 1, 1, 0, 0, 0, 0"
A015119,mul idiv add INT- 1 0 n n x_0_4,(((-10 add n) idiv n) mul x_0_4),"1, 1, 0, -1, -1, -1, 0, 1, 1, 0, 0, 0, 0, 0, 0, 0, 0, 0, 0, 0, 0, 0, 0, 0, 0, 0, 0, 0, 0, 0, 0, 0, 0, 0, 0"
A352867,mul 2 sub n sign x_0_4,(2 mul (n sub sign(x_0_4))),"1, 2, 6, 4, 8, 10, 12, 14, 16, 18, 20, 22, 24, 26, 28, 30, 32, 34, 36, 38, 40, 42, 44, 46, 48, 50, 52, 54, 56, 58, 60, 62, 64, 66, 68"
A175782,add x_0_1 idiv mul 6 n 126,(x_0_1 add ((6 mul n) idiv 126)),"1, 1, 1, 1, 1, 1, 1, 1, 1, 1, 1, 1, 1, 1, 1, 1, 1, 1, 1, 1, 2, 3, 4, 5, 6, 7, 8, 9, 10, 11, 12, 13, 14, 15, 16"
A187330,idiv mul sub n 1 add 64 3 38,(((n sub 1) mul (64 add 3)) idiv 38),"0, 1, 3, 5, 7, 8, 10, 12, 14, 15, 17, 19, 21, 22, 24, 26, 28, 29, 31, 33, 35, 37, 38, 40, 42, 44, 45, 47, 49, 51, 52, 54, 56, 58, 59"
A107844,x_0_1,x_0_1,"111, 111, 111, 111, 111, 111, 111, 111, 111, 111, 111, 111, 111, 111, 111, 111, 111, 111, 111, 111, 111, 111, 111, 111, 111, 111, 111, 111, 111, 111, 111, 111, 111, 111, 111"
A039109,add mul 2 idiv n 7 sub n 1,((2 mul (n idiv 7)) add (n sub 1)),"0, 1, 2, 3, 4, 5, 8, 9, 10, 11, 12, 13, 14, 17, 18, 19, 20, 21, 22, 23, 26, 27, 28, 29, 30, 31, 32, 35, 36, 37, 38, 39, 40, 41, 44"
A152849,idiv add 35 n 35,((35 add n) idiv 35),"1, 1, 1, 1, 1, 1, 1, 1, 1, 1, 1, 1, 1, 1, 1, 1, 1, 1, 1, 1, 1, 1, 1, 1, 1, 1, 1, 1, 1, 1, 1, 1, 1, 1, 2"
A031492,add n mul 2 idiv sub n 1 7,(n add (2 mul ((n sub 1) idiv 7))),"1, 2, 3, 4, 5, 6, 7, 10, 11, 12, 13, 14, 15, 16, 19, 20, 21, 22, 23, 24, 25, 28, 29, 30, 31, 32, 33, 34, 37, 38, 39, 40, 41, 42, 43"
A345073,add 2 sign x_0_3,(2 add sign(x_0_3)),"2, 2, 2, 3, 3, 3, 3, 3, 3, 3, 3, 3, 3, 3, 3, 3, 3, 3, 3, 3, 3, 3, 3, 3, 3, 3, 3, 3, 3, 3, 3, 3, 3, 3, 3"
A283234,mul 2 add idiv mul 110 n 68 n,(2 mul (((110 mul n) idiv 68) add n)),"4, 10, 14, 20, 26, 30, 36, 40, 46, 52, 56, 62, 68, 72, 78, 82, 88, 94, 98, 104, 108, 114, 120, 124, 130, 136, 140, 146, 150, 156, 162, 166, 172, 178, 182"
A046042,add 1 idiv n sqr 4,(1 add (n idiv (4)**2)),"1, 1, 1, 1, 1, 1, 1, 1, 1, 1, 1, 1, 1, 1, 1, 2, 2, 2, 2, 2, 2, 2, 2, 2, 2, 2, 2, 2, 2, 2, 2, 3, 3, 3, 3"
A244228,x_0_6,x_0_6,"2, 3, 2, 3, 2, 2, 2, 3, 2, 3, 2, 2, 2, 3, 2, 3, 2, 2, 2, 3, 2, 3, 2, 2, 2, 3, 2, 3, 2, 2, 2, 3, 2, 3, 2"
A140758,idiv mul sub n 1 sub 64 6 37,(((n sub 1) mul (64 sub 6)) idiv 37),"0, 1, 3, 4, 6, 7, 9, 10, 12, 14, 15, 17, 18, 20, 21, 23, 25, 26, 28, 29, 31, 32, 34, 36, 37, 39, 40, 42, 43, 45, 47, 48, 50, 51, 53"
A025702,add idiv mul sqr sub n 1 3 7 n,(((((n sub 1))**2 mul 3) idiv 7) add n),"1, 2, 4, 7, 11, 16, 22, 29, 36, 44, 53, 63, 74, 86, 99, 112, 126, 141, 157, 174, 192, 211, 230, 250, 271, 293, 316, 340, 365, 390, 416, 443, 471, 500, 530"
A038687,sub add n 9 idiv n INT- 9,((n add 9) sub (n idiv -9)),"11, 12, 13, 14, 15, 16, 17, 18, 19, 21, 22, 23, 24, 25, 26, 27, 28, 29, 31, 32, 33, 34, 35, 36, 37, 38, 39, 41, 42, 43, 44, 45, 46, 47, 48"
A039199,idiv mul sub n 1 add 7 4 9,(((n sub 1) mul (7 add 4)) idiv 9),"0, 1, 2, 3, 4, 6, 7, 8, 9, 11, 12, 13, 14, 15, 17, 18, 19, 20, 22, 23, 24, 25, 26, 28, 29, 30, 31, 33, 34, 35, 36, 37, 39, 40, 41"
A011743,idiv add 5 n 35,((5 add n) idiv 35),"0, 0, 0, 0, 0, 0, 0, 0, 0, 0, 0, 0, 0, 0, 0, 0, 0, 0, 0, 0, 0, 0, 0, 0, 0, 0, 0, 0, 0, 1, 1, 1, 1, 1, 1"
A295075,add x_0_4 6,(x_0_4 add 6),"3, 5, 7, 8, 9, 11, 13, 14, 15, 17, 19, 20, 21, 23, 25, 26, 27, 29, 31, 32, 33, 35, 37, 38, 39, 41, 43, 44, 45, 47, 49, 50, 51, 53, 55"
A055655,add 9 add x_0_4 1,(9 add (x_0_4 add 1)),"0, 1, 2, 3, 10, 11, 12, 13, 20, 21, 22, 23, 30, 31, 32, 33, 40, 41, 42, 43, 50, 51, 52, 53, 60, 61, 62, 63, 70, 71, 72, 73, 80, 81, 82"
A108589,add 4 add x_0_4 7,(4 add (x_0_4 add 7)),"2, 5, 8, 11, 13, 16, 19, 22, 24, 27, 30, 33, 35, 38, 41, 44, 46, 49, 52, 55, 57, 60, 63, 66, 68, 71, 74, 77, 79, 82, 85, 88, 90, 93, 96"
A232490,sub n idiv sub 5 n 9,(n sub ((5 sub n) idiv 9)),"1, 2, 3, 4, 5, 7, 8, 9, 10, 11, 12, 13, 14, 15, 17, 18, 19, 20, 21, 22, 23, 24, 25, 27, 28, 29, 30, 31, 32, 33, 34, 35, 37, 38, 39"
A187318,add x_0_5 9,(x_0_5 add 9),"0, 1, 3, 5, 7, 9, 10, 12, 14, 16, 18, 19, 21, 23, 25, 27, 28, 30, 32, 34, 36, 37, 39, 41, 43, 45, 46, 48, 50, 52, 54, 55, 57, 59, 61"
A039081,add idiv mul sub n 1 2 7 n,((((n sub 1) mul 2) idiv 7) add n),"1, 2, 3, 4, 6, 7, 8, 10, 11, 12, 13, 15, 16, 17, 19, 20, 21, 22, 24, 25, 26, 28, 29, 30, 31, 33, 34, 35, 37, 38, 39, 40, 42, 43, 44"
A186729,relu sign sub x_0_3 x_0_6,relu(sign((x_0_3 sub x_0_6))),"1, 1, 1, 0, 0, 0, 0, 0, 0, 1, 1, 1, 1, 1, 1, 1, 1, 1, 1, 1, 1, 1, 1, 1, 1, 1, 1, 1, 1, 1, 1, 1, 1, 1, 1"
A081331,idiv mul 64 n sub 75 8,((64 mul n) idiv (75 sub 8)),"0, 1, 2, 3, 4, 5, 6, 7, 8, 9, 10, 11, 12, 13, 14, 15, 16, 17, 18, 19, 20, 21, 21, 22, 23, 24, 25, 26, 27, 28, 29, 30, 31, 32, 33"
A075249,add x_0_5 1,(x_0_5 add 1),"1, 1, 2, 2, 2, 2, 2, 3, 3, 3, 3, 3, 4, 4, 4, 4, 4, 5, 5, 5, 5, 5, 6, 6, 6, 6, 6, 7, 7, 7, 7, 7, 8, 8, 8"
A279757,sub x_0_6 idiv n INT- 1 9,(x_0_6 sub (n idiv -19)),"1, 1, 1, 1, 1, 1, 2, 2, 2, 2, 2, 2, 3, 3, 3, 3, 3, 3, 4, 5, 5, 5, 5, 5, 6, 7, 7, 7, 7, 7, 8, 9, 9, 9, 9"
A241766,sub x_0_5 idiv n INT- 1 9,(x_0_5 sub (n idiv -19)),"1, 1, 1, 1, 1, 2, 2, 2, 2, 2, 3, 3, 3, 3, 3, 4, 4, 4, 4, 5, 6, 6, 6, 6, 7, 8, 8, 8, 8, 9, 10, 10, 10, 10, 11"
A099267,add 2 idiv mul 110 sub n 1 68,(2 add ((110 mul (n sub 1)) idiv 68)),"2, 3, 5, 6, 8, 10, 11, 13, 14, 16, 18, 19, 21, 23, 24, 26, 27, 29, 31, 32, 34, 35, 37, 39, 40, 42, 44, 45, 47, 48, 50, 52, 53, 55, 57"
A350843,add idiv mul 35 sub n 1 123 1,(((35 mul (n sub 1)) idiv 123) add 1),"1, 1, 1, 1, 2, 2, 2, 2, 3, 3, 3, 4, 4, 4, 4, 5, 5, 5, 6, 6, 6, 6, 7, 7, 7, 8, 8, 8, 8, 9, 9, 9, 10, 10, 10"
A098240,idiv mul 75 n sub 75 6,((75 mul n) idiv (75 sub 6)),"1, 2, 3, 4, 5, 6, 7, 8, 9, 10, 11, 13, 14, 15, 16, 17, 18, 19, 20, 21, 22, 23, 25, 26, 27, 28, 29, 30, 31, 32, 33, 34, 35, 36, 38"
A283733,add idiv mul 110 sub n 1 68 add x_0_1 1,(((110 mul (n sub 1)) idiv 68) add (x_0_1 add 1)),"1, 3, 7, 12, 19, 28, 38, 50, 63, 78, 95, 113, 133, 155, 178, 203, 229, 257, 287, 318, 351, 385, 421, 459, 498, 539, 582, 626, 672, 719, 768, 819, 871, 925, 981"
A028898,mod sub mul idiv n INT- 1 0 INT+ 7 INT- 6 n,((((n idiv -10) mul 7) sub -6) mod n),"0, 1, 2, 3, 4, 5, 6, 7, 8, 9, 3, 4, 5, 6, 7, 8, 9, 10, 11, 12, 6, 7, 8, 9, 10, 11, 12, 13, 14, 15, 9, 10, 11, 12, 13"
A028897,mod sub mul idiv n INT- 1 0 INT+ 8 INT- 7 n,((((n idiv -10) mul 8) sub -7) mod n),"0, 1, 2, 3, 4, 5, 6, 7, 8, 9, 2, 3, 4, 5, 6, 7, 8, 9, 10, 11, 4, 5, 6, 7, 8, 9, 10, 11, 12, 13, 6, 7, 8, 9, 10"
A195180,add x_0_4 mul 3 sign x_0_5,(x_0_4 add (3 mul sign(x_0_5))),"0, 1, 2, 3, 4, 4, 5, 6, 7, 7, 8, 9, 10, 10, 11, 12, 13, 13, 14, 15, 16, 16, 17, 18, 19, 19, 20, 21, 22, 22, 23, 24, 25, 25, 26"
A228298,sub n idiv n 8,(n sub (n idiv 8)),"1, 2, 3, 4, 5, 6, 7, 7, 8, 9, 10, 11, 12, 13, 14, 14, 15, 16, 17, 18, 19, 20, 21, 21, 22, 23, 24, 25, 26, 27, 28, 28, 29, 30, 31"
A043284,add 1 relu sub x_0_2 mod n add 9 2,(1 add relu((x_0_2 sub (n mod (9 add 2))))),"1, 1, 1, 1, 1, 1, 1, 1, 1, 1, 2, 1, 1, 1, 1, 1, 1, 1, 1, 1, 1, 2, 1, 1, 1, 1, 1, 1, 1, 1, 1, 1, 2, 1, 1"
A288120,add 1 relu sub x_0_2 mod n mul 8 4,(1 add relu((x_0_2 sub (n mod (8 mul 4))))),"1, 1, 1, 1, 1, 1, 1, 1, 1, 1, 1, 1, 1, 1, 1, 1, 1, 1, 1, 1, 1, 1, 1, 1, 1, 1, 1, 1, 1, 1, 1, 2, 1, 1, 1"
A327256,add x_0_6 idiv 7 n,(x_0_6 add (7 idiv n)),"0, 1, 1, 0, 0, 0, 1, 1, 1, 0, 0, 0, 1, 1, 1, 0, 0, 0, 1, 1, 1, 0, 0, 0, 1, 1, 1, 0, 0, 0, 1, 1, 1, 0, 0"
A098391,add 1 sign x_0_6,(1 add sign(x_0_6)),"0, 0, 1, 1, 1, 1, 2, 2, 2, 2, 2, 2, 2, 2, 2, 2, 2, 2, 2, 2, 2, 2, 2, 2, 2, 2, 2, 2, 2, 2, 2, 2, 2, 2, 2"
A236841,add idiv mod INT- 1 0 n sqr 4 sub n 1,(((-10 mod n) idiv (4)**2) add (n sub 1)),"0, 1, 2, 3, 4, 5, 6, 7, 8, 9, 10, 11, 12, 13, 14, 15, 16, 17, 18, 19, 20, 21, 22, 23, 24, 26, 27, 28, 29, 30, 31, 32, 33, 34, 35"
A023804,idiv mul sub n 1 add 38 3 37,(((n sub 1) mul (38 add 3)) idiv 37),"0, 1, 2, 3, 4, 5, 6, 7, 8, 9, 11, 12, 13, 14, 15, 16, 17, 18, 19, 21, 22, 23, 24, 25, 26, 27, 28, 29, 31, 32, 33, 34, 35, 36, 37"
A022782,add x_0_1 idiv add mul n 3 5 8,(x_0_1 add (((n mul 3) add 5) idiv 8)),"1, 2, 3, 5, 7, 9, 12, 15, 19, 23, 27, 32, 37, 42, 48, 54, 61, 68, 75, 83, 91, 99, 108, 117, 127, 137, 147, 158, 169, 180, 192, 204, 217, 230, 243"
A132016,add n idiv mul 4 n 126,(n add ((4 mul n) idiv 126)),"1, 2, 3, 4, 5, 6, 7, 8, 9, 10, 11, 12, 13, 14, 15, 16, 17, 18, 19, 20, 21, 22, 23, 24, 25, 26, 27, 28, 29, 30, 31, 33, 34, 35, 36"
A080751,add x_0_1 mul sign x_0_5 3,(x_0_1 add (sign(x_0_5) mul 3)),"1, 3, 5, 7, 9, 12, 15, 18, 21, 24, 27, 30, 33, 36, 39, 42, 45, 48, 51, 54, 57, 60, 63, 66, 69, 72, 75, 78, 81, 84, 87, 90, 93, 96, 99"
A187226,add n idiv x_0_3 5,(n add (x_0_3 idiv 5)),"1, 2, 3, 4, 5, 6, 7, 9, 10, 11, 12, 14, 15, 16, 17, 19, 20, 21, 22, 24, 25, 26, 27, 29, 30, 31, 32, 34, 35, 36, 37, 39, 40, 41, 42"
A194209,add x_0_1 idiv mul sub n 1 4 7,(x_0_1 add (((n sub 1) mul 4) idiv 7)),"0, 0, 1, 2, 4, 6, 9, 13, 17, 22, 27, 33, 39, 46, 54, 62, 71, 80, 90, 100, 111, 123, 135, 148, 161, 175, 189, 204, 220, 236, 253, 270, 288, 306, 325"
A335453,relu sign mod n add INT- 9 INT- 9,relu(sign((n mod (-9 add -9)))),"0, 0, 0, 0, 0, 0, 0, 0, 0, 0, 0, 0, 0, 0, 0, 0, 0, 1, 0, 0, 0, 0, 0, 0, 0, 0, 0, 0, 0, 0, 0, 0, 0, 0, 0"
A055641,idiv mod n INT- 1 0 INT- 9,((n mod -10) idiv -9),"1, 0, 0, 0, 0, 0, 0, 0, 0, 0, 1, 0, 0, 0, 0, 0, 0, 0, 0, 0, 1, 0, 0, 0, 0, 0, 0, 0, 0, 0, 1, 0, 0, 0, 0"
A034507,idiv add 0 n 35,((0 add n) idiv 35),"0, 0, 0, 0, 0, 0, 0, 0, 0, 0, 0, 0, 0, 0, 0, 0, 0, 0, 0, 0, 0, 0, 0, 0, 0, 0, 0, 0, 0, 0, 0, 0, 0, 0, 1"
A032972,add n mul 3 idiv mod INT- 2 n 7,(n add (3 mul ((-2 mod n) idiv 7))),"1, 2, 3, 4, 5, 6, 7, 8, 12, 13, 14, 15, 16, 17, 18, 22, 23, 24, 25, 26, 27, 28, 32, 33, 34, 35, 36, 37, 38, 42, 43, 44, 45, 46, 47"
A097369,abs idiv mul n 5 INT- 8,abs(((n mul 5) idiv -8)),"1, 2, 2, 3, 4, 4, 5, 5, 6, 7, 7, 8, 9, 9, 10, 10, 11, 12, 12, 13, 14, 14, 15, 15, 16, 17, 17, 18, 19, 19, 20, 20, 21, 22, 22"
A076489,relu sign mod n mod mod n INT+ 1 0 n,relu(sign((n mod ((n mod 10) mod n)))),"0, 0, 0, 0, 0, 0, 0, 0, 0, 0, 1, 1, 1, 1, 1, 1, 1, 1, 1, 0, 1, 1, 1, 1, 1, 1, 1, 1, 1, 0, 1, 1, 1, 1, 1"
A294929,relu sign mod n mul 4 INT- 6,relu(sign((n mod (4 mul -6)))),"0, 0, 0, 0, 0, 0, 0, 0, 0, 0, 0, 0, 0, 0, 0, 0, 0, 0, 0, 0, 0, 0, 0, 1, 0, 0, 0, 0, 0, 0, 0, 0, 0, 0, 0"
A190487,mod add x_0_4 2 3,((x_0_4 add 2) mod 3),"1, 2, 0, 1, 0, 1, 2, 0, 2, 0, 1, 2, 1, 2, 0, 1, 0, 1, 2, 0, 2, 0, 1, 2, 1, 2, 0, 1, 0, 1, 2, 0, 2, 0, 1"
A140099,idiv mul INT+ 2 68 n sub 37 6,((88 mul n) idiv (37 sub 6)),"2, 5, 8, 11, 14, 17, 19, 22, 25, 28, 31, 34, 36, 39, 42, 45, 48, 51, 53, 56, 59, 62, 65, 68, 70, 73, 76, 79, 82, 85, 88, 90, 93, 96, 99"
A092784,sub n idiv x_0_3 INT- 8,(n sub (x_0_3 idiv -8)),"1, 2, 3, 5, 6, 7, 8, 9, 10, 11, 13, 14, 15, 16, 17, 18, 19, 21, 22, 23, 24, 25, 26, 27, 29, 30, 31, 32, 33, 34, 35, 37, 38, 39, 40"
A039193,add n idiv sub mul n 2 9 9,(n add (((n mul 2) sub 9) idiv 9)),"0, 1, 2, 3, 5, 6, 7, 8, 10, 11, 12, 13, 14, 16, 17, 18, 19, 21, 22, 23, 24, 25, 27, 28, 29, 30, 32, 33, 34, 35, 36, 38, 39, 40, 41"
A020659,idiv mul sub n 1 add 37 6 37,(((n sub 1) mul (37 add 6)) idiv 37),"0, 1, 2, 3, 4, 5, 6, 8, 9, 10, 11, 12, 13, 15, 16, 17, 18, 19, 20, 22, 23, 24, 25, 26, 27, 29, 30, 31, 32, 33, 34, 36, 37, 38, 39"
A335524,idiv mul 64 sub n 1 sub 64 3,((64 mul (n sub 1)) idiv (64 sub 3)),"0, 1, 2, 3, 4, 5, 6, 7, 8, 9, 10, 11, 12, 13, 14, 15, 16, 17, 18, 19, 20, 22, 23, 24, 25, 26, 27, 28, 29, 30, 31, 32, 33, 34, 35"
A062005,idiv mul 64 sub n 1 add 37 7,((64 mul (n sub 1)) idiv (37 add 7)),"0, 1, 2, 4, 5, 7, 8, 10, 11, 13, 14, 16, 17, 18, 20, 21, 23, 24, 26, 27, 29, 30, 32, 33, 34, 36, 37, 39, 40, 42, 43, 45, 46, 48, 49"
A039153,add mul 2 idiv n 8 sub n 1,((2 mul (n idiv 8)) add (n sub 1)),"0, 1, 2, 3, 4, 5, 6, 9, 10, 11, 12, 13, 14, 15, 16, 19, 20, 21, 22, 23, 24, 25, 26, 29, 30, 31, 32, 33, 34, 35, 36, 39, 40, 41, 42"
A247964,add add x_0_5 6 sign x_0_6,((x_0_5 add 6) add sign(x_0_6)),"0, 1, 2, 4, 5, 6, 8, 9, 11, 12, 13, 15, 16, 18, 19, 20, 22, 23, 25, 26, 27, 29, 30, 32, 33, 34, 36, 37, 39, 40, 41, 43, 44, 46, 47"
A039200,add mul 2 idiv add n 2 9 sub n 1,((2 mul ((n add 2) idiv 9)) add (n sub 1)),"0, 1, 2, 3, 4, 5, 8, 9, 10, 11, 12, 13, 14, 15, 16, 19, 20, 21, 22, 23, 24, 25, 26, 27, 30, 31, 32, 33, 34, 35, 36, 37, 38, 41, 42"
A039146,add mul 2 idiv add n 2 8 sub n 1,((2 mul ((n add 2) idiv 8)) add (n sub 1)),"0, 1, 2, 3, 4, 7, 8, 9, 10, 11, 12, 13, 14, 17, 18, 19, 20, 21, 22, 23, 24, 27, 28, 29, 30, 31, 32, 33, 34, 37, 38, 39, 40, 41, 42"
A043281,add 1 relu sub x_0_2 mod n 8,(1 add relu((x_0_2 sub (n mod 8)))),"1, 1, 1, 1, 1, 1, 1, 2, 1, 1, 1, 1, 1, 1, 1, 2, 1, 1, 1, 1, 1, 1, 1, 2, 1, 1, 1, 1, 1, 1, 1, 2, 1, 1, 1"
A184591,add n idiv mul sub n 1 8 7,(n add (((n sub 1) mul 8) idiv 7)),"1, 3, 5, 7, 9, 11, 13, 16, 18, 20, 22, 24, 26, 28, 31, 33, 35, 37, 39, 41, 43, 46, 48, 50, 52, 54, 56, 58, 61, 63, 65, 67, 69, 71, 73"
A081330,sub n idiv x_0_1 INT- 2 1,(n sub (x_0_1 idiv -21)),"2, 3, 4, 5, 6, 7, 8, 9, 10, 11, 12, 13, 14, 15, 16, 17, 18, 19, 20, 21, 22, 24, 25, 26, 27, 28, 29, 30, 31, 32, 33, 34, 35, 36, 37"
A296766,add 1 x_0_1,(1 add x_0_1),"62, 63, 64, 65, 66, 67, 68, 69, 70, 71, 72, 73, 74, 75, 76, 77, 78, 79, 80, 81, 82, 83, 84, 85, 86, 87, 88, 89, 90, 91, 92, 93, 94, 95, 96"
A031720,add sqr mul n INT+ 2 1 n,(((n mul 21))**2 add n),"442, 1766, 3972, 7060, 11030, 15882, 21616, 28232, 35730, 44110, 53372, 63516, 74542, 86450, 99240, 112912, 127466, 142902, 159220, 176420, 194502, 213466, 233312, 254040, 275650, 298142, 321516, 345772, 370910, 396930, 423832, 451616, 480282, 509830, 540260"
A179635,sub n mod relu sub n idiv n INT+ 1 0 n,(n sub (relu((n sub (n idiv 10))) mod n)),"1, 2, 3, 4, 5, 6, 7, 8, 9, 1, 1, 1, 1, 1, 1, 1, 1, 1, 1, 2, 2, 2, 2, 2, 2, 2, 2, 2, 2, 3, 3, 3, 3, 3, 3"
A010096,idiv mul 9 n add n add n 4,((9 mul n) idiv (n add (n add 4))),"1, 2, 2, 3, 3, 3, 3, 3, 3, 3, 3, 3, 3, 3, 3, 4, 4, 4, 4, 4, 4, 4, 4, 4, 4, 4, 4, 4, 4, 4, 4, 4, 4, 4, 4"
A184736,add x_0_6 add 9 2,(x_0_6 add (9 add 2)),"1, 3, 4, 6, 8, 10, 12, 14, 15, 17, 19, 21, 23, 25, 26, 28, 30, 32, 34, 36, 37, 39, 41, 43, 45, 47, 48, 50, 52, 54, 56, 58, 59, 61, 63"
A004438,idiv mul 123 n sub 126 7,((123 mul n) idiv (126 sub 7)),"1, 2, 3, 4, 5, 6, 7, 8, 9, 10, 11, 12, 13, 14, 15, 16, 17, 18, 19, 20, 21, 22, 23, 24, 25, 26, 27, 28, 29, 31, 32, 33, 34, 35, 36"
A283233,mul 2 idiv mul 110 n 68,(2 mul ((110 mul n) idiv 68)),"2, 6, 8, 12, 16, 18, 22, 24, 28, 32, 34, 38, 42, 44, 48, 50, 54, 58, 60, 64, 66, 70, 74, 76, 80, 84, 86, 90, 92, 96, 100, 102, 106, 110, 112"
A308009,mul x_0_3 sign x_0_5,(x_0_3 mul sign(x_0_5)),"1, 1, 1, 2, 0, 1, 2, 0, 1, 2, 0, 1, 2, 0, 1, 2, 0, 1, 2, 0, 1, 2, 0, 1, 2, 0, 1, 2, 0, 1, 2, 0, 1, 2, 0"
A318997,relu sign sub x_0_3 x_0_6,relu(sign((x_0_3 sub x_0_6))),"1, 1, 1, 1, 0, 1, 1, 0, 1, 1, 1, 1, 1, 1, 1, 1, 1, 1, 1, 1, 1, 1, 1, 1, 1, 1, 1, 1, 1, 1, 1, 1, 1, 1, 1"
A111660,idiv mul 47 n sub 100 3,((47 mul n) idiv (100 sub 3)),"0, 0, 1, 1, 2, 2, 3, 3, 4, 4, 5, 5, 6, 6, 7, 7, 8, 8, 9, 9, 10, 10, 11, 11, 12, 12, 13, 13, 14, 14, 15, 15, 15, 16, 16"
A085914,add x_0_2 sub 3 sign x_0_4,(x_0_2 add (3 sub sign(x_0_4))),"1, 1, 2, 4, 4, 6, 6, 8, 8, 10, 10, 12, 12, 14, 14, 16, 16, 18, 18, 20, 20, 22, 22, 24, 24, 26, 26, 28, 28, 30, 30, 32, 32, 34, 34"
A129229,sub idiv mul 110 sub n 1 68 x_0_1,(((110 mul (n sub 1)) idiv 68) sub x_0_1),"0, 1, 2, 2, 4, 4, 5, 6, 6, 8, 8, 9, 10, 11, 11, 13, 12, 15, 14, 16, 16, 17, 18, 19, 19, 21, 21, 22, 23, 23, 25, 25, 26, 27, 28"
A071702,idiv add mul n 3 1 add n 6,(((n mul 3) add 1) idiv (n add 6)),"0, 0, 1, 1, 1, 1, 1, 1, 1, 1, 2, 2, 2, 2, 2, 2, 2, 2, 2, 2, 2, 2, 2, 2, 2, 2, 2, 2, 2, 2, 2, 2, 2, 2, 2"
A023802,idiv mul 49 sub n 1 sub 47 4,((49 mul (n sub 1)) idiv (47 sub 4)),"0, 1, 2, 3, 4, 5, 6, 7, 9, 10, 11, 12, 13, 14, 15, 17, 18, 19, 20, 21, 22, 23, 25, 26, 27, 28, 29, 30, 31, 33, 34, 35, 36, 37, 38"
A156230,add mul idiv n INT+ 1 0 INT- 8 n,(((n idiv 10) mul -8) add n),"1, 2, 3, 4, 5, 6, 7, 8, 9, 2, 3, 4, 5, 6, 7, 8, 9, 10, 11, 4, 5, 6, 7, 8, 9, 10, 11, 12, 13, 6, 7, 8, 9, 10, 11"
A081168,add INT+ 3 mod idiv mod n INT- 6 INT- 5 n,(3 add (((n mod -6) idiv -5) mod n)),"3, 3, 3, 3, 3, 3, 4, 3, 3, 3, 3, 3, 4, 3, 3, 3, 3, 3, 4, 3, 3, 3, 3, 3, 4, 3, 3, 3, 3, 3, 4, 3, 3, 3, 3"
A062356,x_0_6,x_0_6,"1, 2, 1, 2, 1, 3, 1, 2, 1, 2, 1, 3, 1, 2, 1, 2, 1, 3, 1, 2, 1, 2, 1, 3, 1, 2, 1, 2, 1, 3, 1, 2, 1, 2, 1"
A129230,add idiv mul 110 sub n 1 68 x_0_2,(((110 mul (n sub 1)) idiv 68) add x_0_2),"0, 1, 3, 5, 9, 13, 18, 24, 30, 38, 46, 55, 65, 76, 87, 100, 112, 127, 141, 157, 173, 190, 208, 227, 246, 267, 288, 310, 333, 356, 381, 406, 432, 459, 487"
A194028,idiv mul INT+ 6 75 n 39,((135 mul n) idiv 39),"3, 6, 10, 13, 17, 20, 24, 27, 31, 34, 38, 41, 45, 48, 51, 55, 58, 62, 65, 69, 72, 76, 79, 83, 86, 90, 93, 96, 100, 103, 107, 110, 114, 117, 121"
A088382,add n relu sub n add 9 8,(n add relu((n sub (9 add 8)))),"1, 2, 3, 4, 5, 6, 7, 8, 9, 10, 11, 12, 13, 14, 15, 16, 17, 19, 21, 23, 25, 27, 29, 31, 33, 35, 37, 39, 41, 43, 45, 47, 49, 51, 53"
A131650,add mul idiv n INT+ 1 0 INT- 9 n,(((n idiv 10) mul -9) add n),"1, 2, 3, 4, 5, 6, 7, 8, 9, 1, 2, 3, 4, 5, 6, 7, 8, 9, 10, 2, 3, 4, 5, 6, 7, 8, 9, 10, 11, 3, 4, 5, 6, 7, 8"
A338492,add 1 mod x_0_1 add 7 mod n 2,(1 add (x_0_1 mod (7 add (n mod 2)))),"1, 2, 3, 4, 5, 6, 7, 1, 2, 3, 4, 5, 6, 7, 8, 2, 3, 4, 5, 6, 7, 1, 2, 3, 4, 5, 6, 7, 8, 2, 3, 4, 5, 6, 7"
A056998,x_0_2,x_0_2,"30, 29, 30, 29, 30, 29, 30, 29, 30, 29, 30, 29, 30, 29, 30, 29, 30, 29, 30, 29, 30, 29, 30, 29, 30, 29, 30, 29, 30, 29, 30, 29, 30, 29, 30"
A339748,x_0_6,x_0_6,"1, 1, 1, 1, 1, 7, 1, 1, 1, 1, 1, 7, 1, 1, 1, 1, 1, 7, 1, 1, 1, 1, 1, 7, 1, 1, 1, 1, 1, 7, 1, 1, 1, 1, 1"
A011734,sub sqr idiv n INT+ 2 1 x_0_1,(((n idiv 21))**2 sub x_0_1),"0, 0, 0, 0, 0, 0, 0, 0, 0, 0, 0, 0, 0, 0, 0, 0, 0, 0, 0, 0, 1, 0, 1, 0, 1, 0, 1, 0, 1, 0, 1, 0, 1, 0, 1"
A063053,sign x_0_6,sign(x_0_6),"1, 1, 1, 1, 1, 0, 1, 1, 1, 1, 1, 1, 1, 1, 1, 1, 1, 1, 1, 1, 1, 1, 1, 1, 1, 1, 1, 1, 1, 1, 1, 1, 1, 1, 1"
A063246,add 50 x_0_6,(50 add x_0_6),"4, 12, 22, 28, 38, 46, 54, 62, 72, 78, 88, 96, 104, 112, 122, 128, 138, 146, 154, 162, 172, 178, 188, 196, 204, 212, 222, 228, 238, 246, 254, 262, 272, 278, 288"
A195177,sub x_0_6 idiv INT- 8 n,(x_0_6 sub (-8 idiv n)),"0, 1, 1, 1, 1, 1, 2, 2, 2, 2, 2, 2, 3, 3, 3, 3, 3, 3, 4, 4, 4, 4, 4, 4, 5, 5, 5, 5, 5, 5, 6, 6, 6, 6, 6"
A022780,add x_0_1 idiv add mul n 4 5 9,(x_0_1 add (((n mul 4) add 5) idiv 9)),"1, 2, 3, 5, 7, 10, 13, 17, 21, 26, 31, 36, 42, 48, 55, 62, 70, 78, 87, 96, 105, 115, 125, 136, 147, 159, 171, 184, 197, 210, 224, 238, 253, 268, 284"
A010784,idiv mul 100 sub n 1 sub 100 9,((100 mul (n sub 1)) idiv (100 sub 9)),"0, 1, 2, 3, 4, 5, 6, 7, 8, 9, 10, 12, 13, 14, 15, 16, 17, 18, 19, 20, 21, 23, 24, 25, 26, 27, 28, 29, 30, 31, 32, 34, 35, 36, 37"
A023807,idiv mul 100 sub n 1 sub 100 7,((100 mul (n sub 1)) idiv (100 sub 7)),"0, 1, 2, 3, 4, 5, 6, 7, 8, 9, 10, 11, 12, 13, 15, 16, 17, 18, 19, 20, 21, 22, 23, 24, 25, 26, 27, 29, 30, 31, 32, 33, 34, 35, 36"
A076310,mod mul sqr 37 sub n 1 39,(((37)**2 mul (n sub 1)) mod 39),"0, 4, 8, 12, 16, 20, 24, 28, 32, 36, 1, 5, 9, 13, 17, 21, 25, 29, 33, 37, 2, 6, 10, 14, 18, 22, 26, 30, 34, 38, 3, 7, 11, 15, 19"
A346690,sub x_0_6 1,(x_0_6 sub 1),"0, 1, 2, 3, 4, 5, -1, 0, 1, 2, 3, 4, -2, -1, 0, 1, 2, 3, -3, -2, -1, 0, 1, 2, -4, -3, -2, -1, 0, 1, -5, -4, -3, -2, -1"
A184530,sub n idiv x_0_2 INT- 6,(n sub (x_0_2 idiv -6)),"1, 3, 4, 5, 6, 7, 8, 10, 11, 12, 13, 14, 16, 17, 18, 19, 20, 22, 23, 24, 25, 26, 28, 29, 30, 31, 32, 34, 35, 36, 37, 38, 40, 41, 42"
A025724,add idiv mul 80 n sub 80 6 x_0_1,(((80 mul n) idiv (80 sub 6)) add x_0_1),"1, 3, 6, 10, 15, 21, 28, 36, 45, 55, 66, 78, 92, 107, 123, 140, 158, 177, 197, 218, 240, 263, 287, 312, 339, 367, 396, 426, 457, 489, 522, 556, 591, 627, 664"
A073794,sub mod sub n sub 1 n mul 7 2 n,(((n sub (1 sub n)) mod (7 mul 2)) sub n),"0, 1, 2, 3, 4, 5, 6, -7, -6, -5, -4, -3, -2, -1, -14, -13, -12, -11, -10, -9, -8, -21, -20, -19, -18, -17, -16, -15, -28, -27, -26, -25, -24, -23, -22"
A214710,sign x_0_5,sign(x_0_5),"2, 1, 1, 1, 2, 1, 1, 1, 1, 1, 1, 1, 1, 1, 1, 1, 1, 1, 1, 1, 1, 1, 1, 1, 1, 1, 1, 1, 1, 1, 1, 1, 1, 1, 1"
A214677,add n mul 3 idiv sub n 1 7,(n add (3 mul ((n sub 1) idiv 7))),"1, 2, 3, 4, 5, 6, 7, 11, 12, 13, 14, 15, 16, 17, 21, 22, 23, 24, 25, 26, 27, 31, 32, 33, 34, 35, 36, 37, 41, 42, 43, 44, 45, 46, 47"
A316534,add x_0_1 sign x_0_5,(x_0_1 add sign(x_0_5)),"1, 2, 3, 4, 9, 10, 11, 12, 13, 14, 15, 16, 17, 18, 19, 20, 21, 22, 23, 24, 25, 26, 27, 28, 29, 30, 31, 32, 33, 34, 35, 36, 37, 38, 39"
A181663,mul x_0_3 sign x_0_6,(x_0_3 mul sign(x_0_6)),"1, 0, 0, 0, 0, 1, 0, 0, 1, 0, 0, 1, 0, 0, 1, 0, 0, 1, 0, 0, 1, 0, 0, 1, 0, 0, 1, 0, 0, 1, 0, 0, 1, 0, 0"
A030142,add INT+ 2 0 x_0_5,(20 add x_0_5),"1, 3, 5, 7, 9, 21, 23, 25, 27, 29, 41, 43, 45, 47, 49, 61, 63, 65, 67, 69, 81, 83, 85, 87, 89, 101, 103, 105, 107, 109, 121, 123, 125, 127, 129"
A044938,relu sign mod n INT- 8,relu(sign((n mod -8))),"0, 0, 0, 0, 0, 0, 0, 1, 0, 0, 0, 0, 0, 0, 0, 1, 0, 0, 0, 0, 0, 0, 0, 1, 0, 0, 0, 0, 0, 0, 0, 1, 0, 0, 0"
A031712,add sqr mul n idiv 35 2 n,(((n mul (35 idiv 2)))**2 add n),"290, 1158, 2604, 4628, 7230, 10410, 14168, 18504, 23418, 28910, 34980, 41628, 48854, 56658, 65040, 74000, 83538, 93654, 104348, 115620, 127470, 139898, 152904, 166488, 180650, 195390, 210708, 226604, 243078, 260130, 277760, 295968, 314754, 334118, 354060"
A029922,idiv add mul n 5 x_0_3 9,(((n mul 5) add x_0_3) idiv 9),"0, 1, 1, 2, 2, 3, 4, 4, 5, 6, 6, 7, 7, 8, 9, 9, 10, 11, 11, 12, 12, 13, 14, 14, 15, 16, 16, 17, 17, 18, 19, 19, 20, 21, 21"
A087406,add x_0_1 mod 2 x_0_4,(x_0_1 add (2 mod x_0_4)),"24, 68, 10, 12, 14, 16, 18, 20, 22, 24, 26, 28, 30, 32, 34, 36, 38, 40, 42, 44, 46, 48, 50, 52, 54, 56, 58, 60, 62, 64, 66, 68, 70, 72, 74"
A249770,add 1 relu sub x_0_2 mod n mul 7 3,(1 add relu((x_0_2 sub (n mod (7 mul 3))))),"1, 1, 1, 1, 1, 1, 1, 1, 1, 1, 1, 1, 1, 1, 1, 1, 1, 1, 1, 1, 2, 1, 1, 1, 1, 1, 1, 1, 1, 1, 1, 1, 1, 1, 1"
A236619,idiv x_0_4 8,(x_0_4 idiv 8),"0, 1, 2, 1, 0, 0, 0, 0, 0, 0, 0, 0, 0, 0, 0, 0, 0, 0, 0, 0, 0, 0, 0, 0, 0, 0, 0, 0, 0, 0, 0, 0, 0, 0, 0"
A100679,idiv mul 50 n sub 100 9,((50 mul n) idiv (100 sub 9)),"0, 1, 1, 2, 2, 3, 3, 4, 4, 5, 6, 6, 7, 7, 8, 8, 9, 9, 10, 10, 11, 12, 12, 13, 13, 14, 14, 15, 15, 16, 17, 17, 18, 18, 19"
A079588,mul n idiv sqr sub mul n 8 5 8,(n mul ((((n mul 8) sub 5))**2 idiv 8)),"1, 30, 135, 364, 765, 1386, 2275, 3480, 5049, 7030, 9471, 12420, 15925, 20034, 24795, 30256, 36465, 43470, 51319, 60060, 69741, 80410, 92115, 104904, 118825, 133926, 150255, 167860, 186789, 207090, 228811, 252000, 276705, 302974, 330855"
A031716,add mul sub x_0_1 x_0_2 3 x_0_3,(((x_0_1 sub x_0_2) mul 3) add x_0_3),"362, 1446, 3252, 5780, 9030, 13002, 17696, 23112, 29250, 36110, 43692, 51996, 61022, 70770, 81240, 92432, 104346, 116982, 130340, 144420, 159222, 174746, 190992, 207960, 225650, 244062, 263196, 283052, 303630, 324930, 346952, 369696, 393162, 417350, 442260"
A031714,add sqr mul n idiv 73 4 n,(((n mul (73 idiv 4)))**2 add n),"325, 1298, 2919, 5188, 8105, 11670, 15883, 20744, 26253, 32410, 39215, 46668, 54769, 63518, 72915, 82960, 93653, 104994, 116983, 129620, 142905, 156838, 171419, 186648, 202525, 219050, 236223, 254044, 272513, 291630, 311395, 331808, 352869, 374578, 396935"
A257839,add x_0_4 sign x_0_6,(x_0_4 add sign(x_0_6)),"0, 0, 1, 2, 2, 2, 2, 3, 3, 3, 3, 4, 4, 4, 4, 5, 5, 5, 5, 6, 6, 6, 6, 7, 7, 7, 7, 8, 8, 8, 8, 9, 9, 9, 9"
A267513,mod sub n idiv n 7 2,((n sub (n idiv 7)) mod 2),"1, 0, 1, 0, 1, 0, 0, 1, 0, 1, 0, 1, 0, 0, 1, 0, 1, 0, 1, 0, 0, 1, 0, 1, 0, 1, 0, 0, 1, 0, 1, 0, 1, 0, 0"
A093783,add x_0_5 5,(x_0_5 add 5),"1, 2, 3, 6, 5, 6, 7, 8, 11, 10, 11, 12, 13, 16, 15, 16, 17, 18, 21, 20, 21, 22, 23, 26, 25, 26, 27, 28, 31, 30, 31, 32, 33, 36, 35"
A114086,add idiv add 64 n 49 x_0_1,(((64 add n) idiv 49) add x_0_1),"0, 1, 2, 3, 4, 5, 6, 7, 8, 9, 10, 11, 12, 13, 14, 15, 16, 17, 18, 19, 20, 21, 22, 23, 24, 25, 26, 27, 28, 29, 30, 31, 32, 34, 36"
A055642,add 1 idiv add 64 n 75,(1 add ((64 add n) idiv 75)),"1, 1, 1, 1, 1, 1, 1, 1, 1, 1, 2, 2, 2, 2, 2, 2, 2, 2, 2, 2, 2, 2, 2, 2, 2, 2, 2, 2, 2, 2, 2, 2, 2, 2, 2"
A173528,add n mul INT- 7 idiv mod INT- 1 n 8,(n add (-7 mul ((-1 mod n) idiv 8))),"1, 2, 3, 4, 5, 6, 7, 8, 2, 3, 4, 5, 6, 7, 8, 9, 3, 4, 5, 6, 7, 8, 9, 10, 4, 5, 6, 7, 8, 9, 10, 11, 5, 6, 7"
A284562,add 1 relu sub x_0_2 mod n mul 7 4,(1 add relu((x_0_2 sub (n mod (7 mul 4))))),"1, 1, 1, 1, 1, 1, 1, 1, 1, 1, 1, 1, 1, 1, 1, 1, 1, 1, 1, 1, 1, 1, 1, 1, 1, 1, 1, 2, 1, 1, 1, 1, 1, 1, 1"
A102815,add x_0_1 sign x_0_2,(x_0_1 add sign(x_0_2)),"11, 20, 21, 22, 23, 24, 25, 26, 27, 28, 29, 30, 31, 32, 33, 34, 35, 36, 37, 38, 39, 40, 41, 42, 43, 44, 45, 46, 47, 48, 49, 50, 51, 52, 53"
A043282,add 1 relu sign mod n INT- 9,(1 add relu(sign((n mod -9)))),"1, 1, 1, 1, 1, 1, 1, 1, 2, 1, 1, 1, 1, 1, 1, 1, 1, 2, 1, 1, 1, 1, 1, 1, 1, 1, 2, 1, 1, 1, 1, 1, 1, 1, 1"
A231470,x_0_6,x_0_6,"9, 9, 8, 9, 9, 7, 9, 9, 8, 9, 9, 7, 9, 9, 8, 9, 9, 7, 9, 9, 8, 9, 9, 7, 9, 9, 8, 9, 9, 7, 9, 9, 8, 9, 9"
A206911,add idiv mul 110 n INT+ 6 2 n,(((110 mul n) idiv 62) add n),"2, 5, 8, 11, 13, 16, 19, 22, 24, 27, 30, 33, 36, 38, 41, 44, 47, 49, 52, 55, 58, 61, 63, 66, 69, 72, 74, 77, 80, 83, 86, 88, 91, 94, 97"
A043283,add 1 relu sub x_0_2 mod n add 9 1,(1 add relu((x_0_2 sub (n mod (9 add 1))))),"1, 1, 1, 1, 1, 1, 1, 1, 1, 2, 1, 1, 1, 1, 1, 1, 1, 1, 1, 2, 1, 1, 1, 1, 1, 1, 1, 1, 1, 2, 1, 1, 1, 1, 1"
A344375,add 9 add x_0_2 1,(9 add (x_0_2 add 1)),"23, 29, 33, 39, 43, 49, 53, 59, 63, 69, 73, 79, 83, 89, 93, 99, 103, 109, 113, 119, 123, 129, 133, 139, 143, 149, 153, 159, 163, 169, 173, 179, 183, 189, 193"
A187329,idiv mul sub n 1 sub 38 9 38,(((n sub 1) mul (38 sub 9)) idiv 38),"0, 0, 1, 2, 3, 3, 4, 5, 6, 6, 7, 8, 9, 9, 10, 11, 12, 12, 13, 14, 15, 16, 16, 17, 18, 19, 19, 20, 21, 22, 22, 23, 24, 25, 25"
A022788,sub x_0_1 idiv mul sub n 1 3 INT- 2 2,(x_0_1 sub (((n sub 1) mul 3) idiv -22)),"1, 2, 3, 4, 5, 6, 7, 8, 10, 12, 14, 16, 18, 20, 22, 25, 28, 31, 34, 37, 40, 43, 46, 50, 54, 58, 62, 66, 70, 74, 79, 84, 89, 94, 99"
A219227,sub n idiv sub 7 n INT+ 1 9,(n sub ((7 sub n) idiv 19)),"1, 2, 3, 4, 5, 6, 7, 9, 10, 11, 12, 13, 14, 15, 16, 17, 18, 19, 20, 21, 22, 23, 24, 25, 26, 27, 29, 30, 31, 32, 33, 34, 35, 36, 37"
A119798,add x_0_1 sign x_0_6,(x_0_1 add sign(x_0_6)),"0, 1, 2, 3, 4, 10, 11, 12, 13, 14, 15, 16, 17, 18, 19, 20, 21, 22, 23, 24, 25, 26, 27, 28, 29, 30, 31, 32, 33, 34, 35, 36, 37, 38, 39"
A108689,add n mod sub x_0_1 n mul x_0_1 INT- 6,(n add ((x_0_1 sub n) mod (x_0_1 mul -6))),"1, 1, 1, 1, 1, 1, 7, 7, 7, 7, 7, 7, 7, 7, 7, 7, 7, 7, 7, 7, 7, 7, 7, 7, 7, 7, 7, 7, 7, 7, 7, 7, 7, 7, 7"
A081311,add idiv mul 35 n sub 38 4 2,(((35 mul n) idiv (38 sub 4)) add 2),"3, 4, 5, 6, 7, 8, 9, 10, 11, 12, 13, 14, 15, 16, 17, 18, 19, 20, 21, 22, 23, 24, 25, 26, 27, 28, 29, 30, 31, 32, 33, 34, 35, 37, 38"
A291168,add 1 idiv mul x_0_1 n sub 38 4,(1 add ((x_0_1 mul n) idiv (38 sub 4))),"1, 1, 1, 1, 1, 1, 1, 1, 1, 1, 1, 1, 1, 1, 1, 1, 1, 1, 1, 1, 1, 1, 1, 1, 1, 1, 1, 1, 1, 1, 1, 1, 1, 2, 3"
A014416,idiv mul x_0_1 sub 37 n sub 64 38,((x_0_1 mul (37 sub n)) idiv (64 sub 38)),"1, 1, 1, 1, 1, 1, 1, 1, 1, 1, 1, 0, 0, 0, 0, 0, 0, 0, 0, 0, 0, 0, 0, 0, 0, 0, 0, 0, 0, 0, 0, 0, 0, 0, 0"
A172476,idiv mul sub n 1 add 9 2 mul 9 3,(((n sub 1) mul (9 add 2)) idiv (9 mul 3)),"0, 0, 0, 1, 1, 2, 2, 2, 3, 3, 4, 4, 4, 5, 5, 6, 6, 6, 7, 7, 8, 8, 8, 9, 9, 10, 10, 11, 11, 11, 12, 12, 13, 13, 13"
A280865,add x_0_1 idiv mul 4 n 110,(x_0_1 add ((4 mul n) idiv 110)),"1, 1, 1, 1, 1, 1, 1, 1, 1, 1, 1, 1, 1, 1, 1, 1, 1, 1, 1, 1, 1, 1, 1, 1, 1, 1, 1, 2, 3, 4, 5, 6, 7, 8, 9"
A004155,add x_0_5 1,(x_0_5 add 1),"1, 3, 5, 7, 9, 2, 4, 6, 8, 10, 3, 5, 7, 9, 11, 4, 6, 8, 10, 12, 5, 7, 9, 11, 13, 6, 8, 10, 12, 14, 7, 9, 11, 13, 15"
A195127,add add x_0_3 4 sign x_0_4,((x_0_3 add 4) add sign(x_0_4)),"0, 2, 4, 6, 7, 9, 11, 12, 14, 16, 17, 19, 21, 22, 24, 26, 27, 29, 31, 32, 34, 36, 37, 39, 41, 42, 44, 46, 47, 49, 51, 52, 54, 56, 57"
A142719,add x_0_1 sub mul 2 n 4,(x_0_1 add ((2 mul n) sub 4)),"41, 41, 43, 47, 53, 61, 71, 83, 97, 113, 131, 151, 173, 197, 223, 251, 281, 313, 347, 383, 421, 461, 503, 547, 593, 641, 691, 743, 797, 853, 911, 971, 1033, 1097, 1163"
A122879,mod idiv mul sub n 1 2 7 3,((((n sub 1) mul 2) idiv 7) mod 3),"0, 0, 0, 0, 1, 1, 1, 2, 2, 2, 2, 0, 0, 0, 1, 1, 1, 1, 2, 2, 2, 0, 0, 0, 0, 1, 1, 1, 2, 2, 2, 2, 0, 0, 0"
A157645,x_0_1,x_0_1,"220, 220, 220, 220, 220, 220, 220, 220, 220, 220, 220, 220, 220, 220, 220, 220, 220, 220, 220, 220, 220, 220, 220, 220, 220, 220, 220, 220, 220, 220, 220, 220, 220, 220, 220"
A025716,add idiv mul sqr 6 n 39 x_0_1,((((6)**2 mul n) idiv 39) add x_0_1),"1, 2, 4, 7, 11, 16, 22, 29, 37, 46, 56, 67, 79, 91, 104, 118, 133, 149, 166, 184, 203, 223, 244, 266, 289, 313, 337, 362, 388, 415, 443, 472, 502, 533, 565"
A185050,add idiv mul 123 n sub 75 3 2,(((123 mul n) idiv (75 sub 3)) add 2),"3, 5, 7, 8, 10, 12, 13, 15, 17, 19, 20, 22, 24, 25, 27, 29, 31, 32, 34, 36, 37, 39, 41, 43, 44, 46, 48, 49, 51, 53, 54, 56, 58, 60, 61"
A162706,add 4 add n idiv add INT- 8 n 49,(4 add (n add ((-8 add n) idiv 49))),"4, 5, 6, 7, 8, 9, 10, 12, 13, 14, 15, 16, 17, 18, 19, 20, 21, 22, 23, 24, 25, 26, 27, 28, 29, 30, 31, 32, 33, 34, 35, 36, 37, 38, 39"
A044937,relu sign mod n INT- 7,relu(sign((n mod -7))),"0, 0, 0, 0, 0, 0, 1, 0, 0, 0, 0, 0, 0, 1, 0, 0, 0, 0, 0, 0, 1, 0, 0, 0, 0, 0, 0, 1, 0, 0, 0, 0, 0, 0, 1"
A077467,sub n idiv mul 7 n add 9 8,(n sub ((7 mul n) idiv (9 add 8))),"1, 2, 2, 3, 3, 4, 5, 5, 6, 6, 7, 8, 8, 9, 9, 10, 10, 11, 12, 12, 13, 13, 14, 15, 15, 16, 16, 17, 18, 18, 19, 19, 20, 20, 21"
A184589,sub idiv mul INT+ 5 75 n add 38 8 1,(((125 mul n) idiv (38 add 8)) sub 1),"1, 4, 7, 9, 12, 15, 18, 20, 23, 26, 28, 31, 34, 37, 39, 42, 45, 47, 50, 53, 56, 58, 61, 64, 66, 69, 72, 75, 77, 80, 83, 85, 88, 91, 94"
A015082,idiv mul x_0_1 sub 66 n 37,((x_0_1 mul (66 sub n)) idiv 37),"1, 1, 1, 1, 1, 1, 1, 1, 1, 1, 1, 1, 1, 1, 1, 1, 1, 1, 1, 1, 1, 1, 1, 1, 1, 1, 1, 1, 1, 0, 0, 0, 0, 0, 0"
A050267,add mul sub x_0_1 x_0_2 3 x_0_3,(((x_0_1 sub x_0_2) mul 3) add x_0_3),"10181, 8527, 6967, 5501, 4129, 2851, 1667, 577, -419, -1321, -2129, -2843, -3463, -3989, -4421, -4759, -5003, -5153, -5209, -5171, -5039, -4813, -4493, -4079, -3571, -2969, -2273, -1483, -599, 379, 1451, 2617, 3877, 5231, 6679"
A285481,add idiv add 110 n 123 1,(((110 add n) idiv 123) add 1),"1, 1, 1, 1, 1, 1, 1, 1, 1, 1, 1, 1, 2, 2, 2, 2, 2, 2, 2, 2, 2, 2, 2, 2, 2, 2, 2, 2, 2, 2, 2, 2, 2, 2, 2"
A190337,add idiv mul INT+ 6 80 n sub 38 9 n,(((140 mul n) idiv (38 sub 9)) add n),"5, 11, 17, 23, 29, 34, 40, 46, 52, 58, 64, 69, 75, 81, 87, 93, 99, 104, 110, 116, 122, 128, 134, 139, 145, 151, 157, 163, 169, 174, 180, 186, 192, 198, 203"
A044940,relu sign mod n INT- 1 0,relu(sign((n mod -10))),"0, 0, 0, 0, 0, 0, 0, 0, 0, 1, 0, 0, 0, 0, 0, 0, 0, 0, 0, 1, 0, 0, 0, 0, 0, 0, 0, 0, 0, 1, 0, 0, 0, 0, 0"
A109427,add idiv mul sqr 6 n sub 38 4 1,((((6)**2 mul n) idiv (38 sub 4)) add 1),"2, 3, 4, 5, 6, 7, 8, 9, 10, 11, 12, 13, 14, 15, 16, 17, 19, 20, 21, 22, 23, 24, 25, 26, 27, 28, 29, 30, 31, 32, 33, 34, 35, 37, 38"
A188376,add mul 2 idiv mul INT+ 8 7 n 123 n,((2 mul ((87 mul n) idiv 123)) add n),"1, 4, 7, 8, 11, 14, 15, 18, 21, 24, 25, 28, 31, 32, 35, 38, 41, 42, 45, 48, 49, 52, 55, 56, 59, 62, 65, 66, 69, 72, 73, 76, 79, 82, 83"
A133576,sub add n 8 sign x_0_6,((n add 8) sub sign(x_0_6)),"4, 6, 8, 9, 10, 12, 14, 15, 16, 17, 18, 19, 20, 21, 22, 23, 24, 25, 26, 27, 28, 29, 30, 31, 32, 33, 34, 35, 36, 37, 38, 39, 40, 41, 42"
A130568,add mul 2 idiv mul 110 sub n 1 68 1,((2 mul ((110 mul (n sub 1)) idiv 68)) add 1),"1, 3, 7, 9, 13, 17, 19, 23, 25, 29, 33, 35, 39, 43, 45, 49, 51, 55, 59, 61, 65, 67, 71, 75, 77, 81, 85, 87, 91, 93, 97, 101, 103, 107, 111"
A214972,idiv mul 9 n add n add 9 4,((9 mul n) idiv (n add (9 add 4))),"0, 1, 1, 2, 2, 2, 3, 3, 3, 3, 4, 4, 4, 4, 4, 4, 5, 5, 5, 5, 5, 5, 5, 5, 5, 6, 6, 6, 6, 6, 6, 6, 6, 6, 6"
A023805,idiv mul 37 sub n 1 sub 37 3,((37 mul (n sub 1)) idiv (37 sub 3)),"0, 1, 2, 3, 4, 5, 6, 7, 8, 9, 10, 11, 13, 14, 15, 16, 17, 18, 19, 20, 21, 22, 23, 25, 26, 27, 28, 29, 30, 31, 32, 33, 34, 35, 37"
A032516,add relu sub n mul 4 3 sub n 1,(relu((n sub (4 mul 3))) add (n sub 1)),"0, 1, 2, 3, 4, 5, 6, 7, 8, 9, 10, 11, 13, 15, 17, 19, 21, 23, 25, 27, 29, 31, 33, 35, 37, 39, 41, 43, 45, 47, 49, 51, 53, 55, 57"
A032518,add x_0_1 idiv add 64 n 38,(x_0_1 add ((64 add n) idiv 38)),"0, 1, 2, 3, 4, 5, 6, 7, 8, 9, 10, 12, 14, 16, 18, 20, 22, 24, 26, 28, 30, 32, 34, 36, 38, 40, 42, 44, 46, 48, 50, 52, 54, 56, 58"
A215092,add x_0_6 3,(x_0_6 add 3),"1, 2, 3, 4, 5, 3, 4, 5, 6, 7, 8, 6, 7, 8, 9, 10, 11, 9, 10, 11, 12, 13, 14, 12, 13, 14, 15, 16, 17, 15, 16, 17, 18, 19, 20"
A022796,sub x_0_1 idiv mul sub n 1 8 INT- 2 5,(x_0_1 sub (((n sub 1) mul 8) idiv -25)),"1, 2, 3, 4, 6, 8, 10, 13, 16, 19, 23, 27, 31, 36, 41, 46, 52, 58, 64, 71, 78, 85, 93, 101, 109, 117, 126, 135, 144, 154, 164, 174, 185, 196, 207"
A244223,add add x_0_2 4 mod x_0_4 2,((x_0_2 add 4) add (x_0_4 mod 2)),"1, 3, 6, 8, 11, 13, 15, 17, 20, 22, 25, 27, 29, 31, 34, 36, 39, 41, 43, 45, 48, 50, 53, 55, 57, 59, 62, 64, 67, 69, 71, 73, 76, 78, 81"
A097508,idiv mul 47 sub n 1 add 66 47,((47 mul (n sub 1)) idiv (66 add 47)),"0, 0, 0, 1, 1, 2, 2, 2, 3, 3, 4, 4, 4, 5, 5, 6, 6, 7, 7, 7, 8, 8, 9, 9, 9, 10, 10, 11, 11, 12, 12, 12, 13, 13, 14"
A184969,add idiv mul 91 n sub 38 9 x_0_1,(((91 mul n) idiv (38 sub 9)) add x_0_1),"3, 9, 18, 30, 45, 63, 84, 109, 137, 168, 202, 239, 279, 322, 369, 419, 472, 528, 587, 649, 714, 783, 855, 930, 1008, 1089, 1173, 1260, 1351, 1445, 1542, 1642, 1745, 1851, 1960"
A070140,relu sign mod n add INT- 6 INT- 1 0,relu(sign((n mod (-6 add -10)))),"0, 0, 0, 0, 0, 0, 0, 0, 0, 0, 0, 0, 0, 0, 0, 1, 0, 0, 0, 0, 0, 0, 0, 0, 0, 0, 0, 0, 0, 0, 0, 1, 0, 0, 0"
A025438,relu sign mod n sub 7 38,relu(sign((n mod (7 sub 38)))),"0, 0, 0, 0, 0, 0, 0, 0, 0, 0, 0, 0, 0, 0, 0, 0, 0, 0, 0, 0, 0, 0, 0, 0, 0, 0, 0, 0, 0, 0, 1, 0, 0, 0, 0"
A052414,add n idiv sub n 7 9,(n add ((n sub 7) idiv 9)),"0, 1, 2, 3, 4, 5, 7, 8, 9, 10, 11, 12, 13, 14, 15, 17, 18, 19, 20, 21, 22, 23, 24, 25, 27, 28, 29, 30, 31, 32, 33, 34, 35, 37, 38"
A028901,mod sub mul idiv n INT- 1 0 INT+ 4 INT- 3 n,((((n idiv -10) mul 4) sub -3) mod n),"0, 1, 2, 3, 4, 5, 6, 7, 8, 9, 6, 7, 8, 9, 10, 11, 12, 13, 14, 15, 12, 13, 14, 15, 16, 17, 18, 19, 20, 21, 18, 19, 20, 21, 22"
A028900,mod sub mul idiv n INT- 1 0 INT+ 5 INT- 4 n,((((n idiv -10) mul 5) sub -4) mod n),"0, 1, 2, 3, 4, 5, 6, 7, 8, 9, 5, 6, 7, 8, 9, 10, 11, 12, 13, 14, 10, 11, 12, 13, 14, 15, 16, 17, 18, 19, 15, 16, 17, 18, 19"
A213851,sub n add 1 idiv x_0_1 6,(n sub (1 add (x_0_1 idiv 6))),"1, 1, 2, 3, 4, 5, 6, 6, 7, 8, 9, 10, 11, 12, 12, 13, 14, 15, 16, 17, 18, 18, 19, 20, 21, 22, 23, 24, 24, 25, 26, 27, 28, 29, 30"
A247972,add INT+ 1 4 x_0_3,(14 add x_0_3),"5, 9, 14, 19, 23, 28, 33, 37, 42, 47, 51, 56, 61, 65, 70, 75, 79, 84, 89, 93, 98, 103, 107, 112, 117, 121, 126, 131, 135, 140, 145, 149, 154, 159, 163"
A247782,add n idiv add mul n 2 5 9,(n add (((n mul 2) add 5) idiv 9)),"1, 3, 4, 5, 6, 7, 9, 10, 11, 12, 14, 15, 16, 17, 18, 20, 21, 22, 23, 25, 26, 27, 28, 29, 31, 32, 33, 34, 36, 37, 38, 39, 40, 42, 43"
A285007,idiv add mod n 8 n 37,(((n mod 8) add n) idiv 37),"0, 0, 0, 0, 0, 0, 0, 0, 0, 0, 0, 0, 0, 0, 0, 0, 0, 0, 0, 0, 0, 0, 0, 0, 0, 0, 0, 0, 0, 0, 1, 0, 0, 0, 1"
A028899,mod sub mul idiv n INT- 1 0 INT+ 6 INT- 5 n,((((n idiv -10) mul 6) sub -5) mod n),"0, 1, 2, 3, 4, 5, 6, 7, 8, 9, 4, 5, 6, 7, 8, 9, 10, 11, 12, 13, 8, 9, 10, 11, 12, 13, 14, 15, 16, 17, 12, 13, 14, 15, 16"
A085269,idiv mul sub n 1 add 9 2 mul 7 4,(((n sub 1) mul (9 add 2)) idiv (7 mul 4)),"0, 0, 0, 1, 1, 1, 2, 2, 3, 3, 3, 4, 4, 5, 5, 5, 6, 6, 7, 7, 7, 8, 8, 9, 9, 9, 10, 10, 11, 11, 11, 12, 12, 12, 13"
A172276,idiv mul sub n 1 add 47 5 38,(((n sub 1) mul (47 add 5)) idiv 38),"0, 1, 2, 4, 5, 6, 8, 9, 10, 12, 13, 15, 16, 17, 19, 20, 21, 23, 24, 26, 27, 28, 30, 31, 32, 34, 35, 36, 38, 39, 41, 42, 43, 45, 46"
A357873,add n relu add INT- 5 idiv n 5,(n add relu((-5 add (n idiv 5)))),"1, 2, 3, 4, 5, 6, 7, 8, 9, 10, 11, 12, 13, 14, 15, 16, 17, 18, 19, 20, 21, 22, 23, 24, 25, 26, 27, 28, 29, 31, 32, 33, 34, 35, 37"
A263081,x_0_1,x_0_1,"124340, 124340, 124340, 124340, 124340, 124340, 124340, 124340, 124340, 124340, 124340, 124340, 124340, 124340, 124340, 124340, 124340, 124340, 124340, 124340, 124340, 124340, 124340, 124340, 124340, 124340, 124340, 124340, 124340, 124340, 124340, 124340, 124340, 124340, 124340"
A184922,sub idiv mul INT+ 5 49 n sub 38 9 1,(((99 mul n) idiv (38 sub 9)) sub 1),"2, 5, 9, 12, 16, 19, 22, 26, 29, 33, 36, 39, 43, 46, 50, 53, 57, 60, 63, 67, 70, 74, 77, 80, 84, 87, 91, 94, 98, 101, 104, 108, 111, 115, 118"
A278067,x_0_2,x_0_2,"37, 2, 37, 2, 37, 2, 37, 2, 37, 2, 37, 2, 37, 2, 37, 2, 37, 2, 37, 2, 37, 2, 37, 2, 37, 2, 37, 2, 37, 2, 37, 2, 37, 2, 37"
A278068,x_0_2,x_0_2,"57, 2, 57, 2, 57, 2, 57, 2, 57, 2, 57, 2, 57, 2, 57, 2, 57, 2, 57, 2, 57, 2, 57, 2, 57, 2, 57, 2, 57, 2, 57, 2, 57, 2, 57"
A031954,sub add n 8 idiv sub n 1 INT- 9,((n add 8) sub ((n sub 1) idiv -9)),"9, 11, 12, 13, 14, 15, 16, 17, 18, 19, 21, 22, 23, 24, 25, 26, 27, 28, 29, 31, 32, 33, 34, 35, 36, 37, 38, 39, 41, 42, 43, 44, 45, 46, 47"
A283895,x_0_2,x_0_2,"41, 2, 41, 2, 41, 2, 41, 2, 41, 2, 41, 2, 41, 2, 41, 2, 41, 2, 41, 2, 41, 2, 41, 2, 41, 2, 41, 2, 41, 2, 41, 2, 41, 2, 41"
A248359,add idiv mul INT+ 8 68 n sub 38 8 1,(((148 mul n) idiv (38 sub 8)) add 1),"5, 10, 15, 20, 25, 30, 35, 40, 45, 50, 55, 60, 65, 70, 75, 79, 84, 89, 94, 99, 104, 109, 114, 119, 124, 129, 134, 139, 144, 149, 153, 158, 163, 168, 173"
A063992,mod INT- 1 add n idiv add 64 n INT+ 1 7,(-1 mod (n add ((64 add n) idiv 17))),"3, 4, 5, 7, 8, 9, 10, 11, 12, 13, 14, 15, 16, 17, 18, 19, 20, 21, 22, 23, 25, 26, 27, 28, 29, 30, 31, 32, 33, 34, 35, 36, 37, 38, 39"
A336483,mod add 5 x_0_1 49,((5 add x_0_1) mod 49),"0, 5, 10, 15, 20, 25, 30, 35, 40, 45, 1, 6, 11, 16, 21, 26, 31, 36, 41, 46, 2, 7, 12, 17, 22, 27, 32, 37, 42, 47, 3, 8, 13, 18, 23"
A344538,mod add 5 x_0_5 35,((5 add x_0_5) mod 35),"0, 8, 16, 24, 32, 5, 13, 21, 29, 2, 10, 18, 26, 34, 7, 15, 23, 31, 4, 12, 20, 28, 1, 9, 17, 25, 33, 6, 14, 22, 30, 3, 11, 19, 27"
A075355,add idiv mul 35 n sub 80 4 1,(((35 mul n) idiv (80 sub 4)) add 1),"1, 1, 2, 2, 3, 3, 4, 4, 5, 5, 6, 6, 6, 7, 7, 8, 8, 9, 9, 10, 10, 11, 11, 12, 12, 12, 13, 13, 14, 14, 15, 15, 16, 16, 17"
A335525,sub idiv mul 110 n sub 110 4 1,(((110 mul n) idiv (110 sub 4)) sub 1),"0, 1, 2, 3, 4, 5, 6, 7, 8, 9, 10, 11, 12, 13, 14, 15, 16, 17, 18, 19, 20, 21, 22, 23, 24, 25, 27, 28, 29, 30, 31, 32, 33, 34, 35"
A026356,add idiv mul 110 sub n 1 68 add n 1,(((110 mul (n sub 1)) idiv 68) add (n add 1)),"2, 4, 7, 9, 12, 15, 17, 20, 22, 25, 28, 30, 33, 36, 38, 41, 43, 46, 49, 51, 54, 56, 59, 62, 64, 67, 70, 72, 75, 77, 80, 83, 85, 88, 91"
A187387,add idiv mul INT+ 8 9 n INT+ 1 9 n,(((89 mul n) idiv 19) add n),"5, 11, 17, 22, 28, 34, 39, 45, 51, 56, 62, 68, 73, 79, 85, 90, 96, 102, 108, 113, 119, 125, 130, 136, 142, 147, 153, 159, 164, 170, 176, 181, 187, 193, 198"
A090846,add idiv mul INT+ 9 3 sub n 1 68 n,(((93 mul (n sub 1)) idiv 68) add n),"1, 3, 5, 8, 10, 12, 15, 17, 19, 22, 24, 27, 29, 31, 34, 36, 38, 41, 43, 45, 48, 50, 53, 55, 57, 60, 62, 64, 67, 69, 72, 74, 76, 79, 81"
A025697,sub x_0_1 idiv mul sub n 1 8 INT- 1 3,(x_0_1 sub (((n sub 1) mul 8) idiv -13)),"1, 2, 4, 6, 9, 13, 17, 22, 27, 33, 40, 47, 55, 63, 72, 82, 92, 103, 115, 127, 140, 153, 167, 182, 197, 213, 229, 246, 264, 282, 301, 321, 341, 362, 383"
A109235,idiv mul INT+ 5 64 n sub 64 47,((114 mul n) idiv (64 sub 47)),"6, 13, 20, 26, 33, 40, 46, 53, 60, 67, 73, 80, 87, 93, 100, 107, 114, 120, 127, 134, 140, 147, 154, 160, 167, 174, 181, 187, 194, 201, 207, 214, 221, 228, 234"
A309274,add x_0_1 mul sign x_0_6 8,(x_0_1 add (sign(x_0_6) mul 8)),"0, 1, 3, 7, 11, 15, 23, 31, 39, 47, 55, 63, 71, 79, 87, 95, 103, 111, 119, 127, 135, 143, 151, 159, 167, 175, 183, 191, 199, 207, 215, 223, 231, 239, 247"
A347792,idiv mul 100 sub n 1 sub 100 37,((100 mul (n sub 1)) idiv (100 sub 37)),"0, 1, 3, 4, 6, 7, 9, 11, 12, 14, 15, 17, 19, 20, 22, 23, 25, 26, 28, 30, 31, 33, 34, 36, 38, 39, 41, 42, 44, 46, 47, 49, 50, 52, 53"
A102676,relu sub n add 5 x_0_5,relu((n sub (5 add x_0_5))),"0, 0, 0, 0, 0, 1, 2, 3, 4, 5, 5, 5, 5, 5, 5, 6, 7, 8, 9, 10, 10, 10, 10, 10, 10, 11, 12, 13, 14, 15, 15, 15, 15, 15, 15"
A330612,add x_0_2 sub 3 sign x_0_6,(x_0_2 add (3 sub sign(x_0_6))),"2, 3, 5, 1, 7, 4, 9, 6, 11, 8, 13, 10, 15, 12, 17, 14, 19, 16, 21, 18, 23, 20, 25, 22, 27, 24, 29, 26, 31, 28, 33, 30, 35, 32, 37"
A336019,x_0_6,x_0_6,"7, 7, 11, 9, 7, 17, 7, 7, 11, 9, 7, 17, 7, 7, 11, 9, 7, 17, 7, 7, 11, 9, 7, 17, 7, 7, 11, 9, 7, 17, 7, 7, 11, 9, 7"
A184921,sub idiv mul INT+ 6 80 n sub 38 9 1,(((140 mul n) idiv (38 sub 9)) sub 1),"3, 8, 13, 18, 23, 27, 32, 37, 42, 47, 52, 56, 61, 66, 71, 76, 81, 85, 90, 95, 100, 105, 110, 114, 119, 124, 129, 134, 139, 143, 148, 153, 158, 163, 167"
A318919,add add x_0_1 2 sign x_0_6,((x_0_1 add 2) add sign(x_0_6)),"1, 3, 5, 7, 9, 11, 14, 17, 20, 23, 26, 29, 32, 35, 38, 41, 44, 47, 50, 53, 56, 59, 62, 65, 68, 71, 74, 77, 80, 83, 86, 89, 92, 95, 98"
A004092,add x_0_5 1,(x_0_5 add 1),"0, 2, 4, 6, 8, 1, 3, 5, 7, 9, 2, 4, 6, 8, 10, 3, 5, 7, 9, 11, 4, 6, 8, 10, 12, 5, 7, 9, 11, 13, 6, 8, 10, 12, 14"
A073793,sub mod sub n sub 1 n mul 6 2 n,(((n sub (1 sub n)) mod (6 mul 2)) sub n),"0, 1, 2, 3, 4, 5, -6, -5, -4, -3, -2, -1, -12, -11, -10, -9, -8, -7, -18, -17, -16, -15, -14, -13, -24, -23, -22, -21, -20, -19, -30, -29, -28, -27, -26"
A195174,sub abs sub x_0_1 idiv n INT- 7 x_0_1,(abs((x_0_1 sub (n idiv -7))) sub x_0_1),"0, 1, 1, 1, 1, 1, 1, 2, 2, 2, 2, 2, 2, 2, 3, 3, 3, 3, 3, 3, 3, 4, 4, 4, 4, 4, 4, 4, 5, 5, 5, 5, 5, 5, 5"
A085380,add idiv mul 64 n sub 64 3 1,(((64 mul n) idiv (64 sub 3)) add 1),"2, 3, 4, 5, 6, 7, 8, 9, 10, 11, 12, 13, 14, 15, 16, 17, 18, 19, 20, 21, 23, 24, 25, 26, 27, 28, 29, 30, 31, 32, 33, 34, 35, 36, 37"
A260400,add x_0_5 sqr 4,(x_0_5 add (4)**2),"2, 6, 8, 10, 14, 18, 22, 24, 26, 30, 34, 38, 40, 42, 46, 50, 54, 56, 58, 62, 66, 70, 72, 74, 78, 82, 86, 88, 90, 94, 98, 102, 104, 106, 110"
A059538,idiv mul INT+ 2 3 2 n 39,((232 mul n) idiv 39),"5, 11, 17, 23, 29, 35, 41, 47, 53, 59, 65, 71, 77, 83, 89, 95, 101, 107, 113, 118, 124, 130, 136, 142, 148, 154, 160, 166, 172, 178, 184, 190, 196, 202, 208"
A272285,add mul sub x_0_1 x_0_2 3 x_0_3,(((x_0_1 sub x_0_2) mul 3) add x_0_3),"2971, 2477, 2069, 1747, 1511, 1361, 1297, 1319, 1427, 1621, 1901, 2267, 2719, 3257, 3881, 4591, 5387, 6269, 7237, 8291, 9431, 10657, 11969, 13367, 14851, 16421, 18077, 19819, 21647, 23561, 25561, 27647, 29819, 32077, 34421"
